Age,Education_Level,Marital_Status,Children,Income,Answered_Cmps,Days_as_Customer,Recency,Total_Spent,MntWines,MntFruits,MntMeatProducts,MntFishProducts,MntSweetProducts,MntGoldProds,TotalPurchases,NumDealsPurchases,NumWebPurchases,NumCatalogPurchases,NumStorePurchases,Cluster
63,1,0,0,57091.0,1,44,0,577,464,5,64,7,0,37,18,1,7,3,7,C
66,1,1,1,67267.0,0,77,0,251,134,11,59,15,2,30,11,1,3,2,5,B
57,1,1,2,32474.0,0,79,0,11,10,0,1,0,0,0,4,1,1,0,2,B
35,1,0,1,21474.0,1,112,0,91,6,16,24,11,0,34,8,2,3,1,2,A
70,0,1,0,63564.0,1,181,0,1215,769,80,252,15,34,65,28,1,10,10,7,D
57,1,1,1,44931.0,0,192,0,96,78,0,11,0,0,7,7,1,2,1,3,A
70,2,1,1,65324.0,0,199,0,544,384,0,102,21,32,5,20,3,6,2,9,C
70,2,1,1,65324.0,0,199,0,544,384,0,102,21,32,5,20,3,6,2,9,C
77,0,1,0,81044.0,0,214,0,1208,450,26,535,73,98,26,22,1,5,6,10,D
45,2,1,1,62499.0,0,232,0,222,140,4,61,0,13,4,12,2,3,1,6,A
43,1,1,0,26872.0,0,286,0,72,3,10,8,3,16,32,5,1,1,1,2,A
47,1,1,2,54809.0,0,321,0,174,63,6,57,13,13,22,12,4,2,1,5,B
47,1,1,2,54809.0,0,321,0,174,63,6,57,13,13,22,12,4,2,1,5,B
66,2,2,1,32173.0,0,362,0,22,18,0,2,0,0,2,5,1,1,0,3,B
64,0,0,1,47823.0,0,371,0,72,53,1,5,2,1,10,7,2,2,0,3,B
66,2,0,3,30523.0,0,393,0,13,5,0,3,0,0,5,4,1,1,0,2,B
70,2,1,1,36634.0,0,427,0,335,213,9,76,4,3,30,15,3,5,2,5,B
58,2,0,1,43456.0,0,490,0,393,275,11,68,25,7,7,17,3,5,1,8,C
45,2,1,1,40662.0,0,501,0,92,40,2,23,0,4,23,8,2,2,1,3,A
48,2,1,1,49544.0,0,532,0,404,308,0,73,0,0,23,16,2,5,1,8,C
55,1,0,1,57731.0,0,613,0,704,266,21,300,65,8,44,26,4,8,8,6,C
59,2,0,1,33168.0,0,654,0,122,80,1,37,0,1,3,10,3,2,1,4,A
68,1,1,2,54450.0,0,683,0,684,454,0,171,8,19,32,31,12,9,2,8,C
68,1,1,2,54450.0,0,683,0,684,454,0,171,8,19,32,31,12,9,2,8,C
68,2,3,2,35340.0,0,30,1,45,27,0,12,0,1,5,7,2,2,0,3,B
53,2,2,2,65808.0,0,60,1,272,155,7,80,13,7,10,14,3,5,1,5,B
52,2,1,3,34578.0,0,109,1,8,7,0,1,0,0,0,4,1,1,0,2,B
50,2,1,1,46374.0,2,134,1,446,408,0,21,0,0,17,18,3,7,1,7,C
34,1,1,0,18351.0,0,273,1,43,1,12,9,0,14,7,6,1,2,0,3,A
37,2,0,0,95169.0,2,293,1,1901,1285,21,449,106,20,20,12,1,4,3,4,D
64,2,2,0,39228.0,0,445,1,20,7,1,6,0,3,3,4,1,0,0,3,A
63,2,0,0,84865.0,4,446,1,1688,1248,16,349,43,16,16,16,1,2,4,9,D
52,1,0,1,21359.0,0,465,1,48,12,2,17,6,1,10,7,2,2,0,3,A
69,2,1,1,66465.0,1,486,1,1485,1200,0,204,38,29,14,35,3,11,9,12,D
38,1,0,1,39146.0,0,530,1,165,94,1,33,13,12,12,11,3,4,0,4,A
54,0,2,2,25959.0,0,530,1,56,4,2,12,7,5,26,7,2,1,2,2,B
51,1,1,1,32300.0,0,572,1,39,13,3,6,6,5,6,5,1,1,0,3,A
59,2,1,1,74806.0,0,587,1,965,670,9,249,0,28,9,16,2,5,4,5,C
54,1,2,1,72967.0,1,591,1,497,158,35,179,0,0,125,19,2,7,2,8,C
64,1,0,1,48904.0,0,604,1,371,283,10,38,0,13,27,17,4,7,2,4,C
40,0,1,1,14796.0,0,680,1,51,13,3,8,7,4,16,6,2,1,0,3,A
46,0,0,3,52195.0,0,78,2,17,12,0,4,0,0,1,4,1,1,0,2,B
50,0,1,1,18393.0,0,122,2,50,7,10,13,16,0,4,8,2,3,0,3,A
72,1,0,2,47139.0,0,145,2,83,46,0,12,0,2,23,7,2,2,1,2,B
51,2,1,1,38576.0,0,147,2,41,34,0,7,0,0,0,5,1,1,0,3,A
49,2,1,1,61905.0,0,175,2,231,167,0,43,6,2,13,12,2,4,2,4,B
60,1,1,1,60597.0,1,209,2,893,522,0,257,32,16,66,16,4,2,2,8,C
63,2,1,1,48330.0,0,256,2,32,28,0,4,0,0,0,5,1,1,0,3,B
56,2,0,2,38236.0,0,312,2,88,58,0,18,2,0,10,11,4,3,0,4,B
47,2,1,1,22701.0,0,327,2,24,2,4,9,0,4,5,5,1,1,0,3,A
50,2,2,2,53367.0,0,332,2,400,229,7,140,10,3,11,21,7,5,1,8,C
38,1,1,1,34728.0,0,364,2,36,14,0,16,0,0,6,5,1,1,1,2,A
68,2,1,2,63915.0,0,364,2,789,622,7,115,30,0,15,23,2,6,3,12,C
52,2,0,2,38578.0,0,402,2,73,38,4,22,3,3,3,9,3,3,0,3,B
52,2,0,2,38578.0,0,402,2,73,38,4,22,3,3,3,9,3,3,0,3,B
47,2,1,1,43263.0,0,615,2,441,262,6,61,0,10,102,16,3,5,2,6,C
54,1,0,1,27242.0,0,625,2,106,3,17,26,20,1,39,7,2,2,0,3,A
61,1,3,2,34213.0,0,690,2,117,50,4,28,6,3,26,9,3,3,1,2,B
77,1,1,0,27469.0,0,726,2,17,9,1,2,3,2,0,4,1,0,0,3,A
67,1,0,1,50388.0,2,62,3,372,292,6,37,0,3,34,17,4,6,1,6,C
54,2,1,2,77622.0,0,106,3,714,520,7,154,19,0,14,22,2,6,3,11,C
62,1,2,3,46102.0,0,141,3,16,14,0,1,0,0,1,4,1,1,0,2,B
44,0,0,1,31859.0,0,152,3,48,3,4,7,15,8,11,5,1,1,0,3,A
37,0,0,0,23830.0,0,172,3,43,1,8,6,4,8,16,5,1,1,0,3,A
51,1,1,2,24639.0,0,182,3,44,20,3,16,0,4,1,9,3,2,0,4,B
79,2,1,0,71604.0,1,254,3,1196,345,53,528,98,75,97,17,1,8,3,5,D
40,1,1,1,27255.0,0,264,3,37,22,1,11,0,1,2,5,1,1,0,3,A
47,1,1,1,55375.0,0,285,3,162,42,11,57,10,28,14,9,1,1,1,6,A
54,1,0,2,24163.0,0,290,3,17,4,1,7,2,1,2,6,2,1,0,3,B
45,1,1,1,72063.0,0,391,3,758,180,32,348,76,32,90,21,2,5,2,12,D
62,2,1,1,58646.0,0,414,3,140,62,1,44,6,5,22,8,1,2,1,4,B
62,2,1,1,58646.0,0,414,3,140,62,1,44,6,5,22,8,1,2,1,4,B
75,2,3,2,47570.0,0,426,3,121,67,1,20,0,2,31,9,3,2,2,2,B
68,2,0,1,54998.0,0,506,3,455,154,22,202,39,30,8,20,5,4,2,9,C
76,2,0,1,60200.0,0,573,3,685,502,19,132,0,6,26,25,6,6,2,11,C
51,2,0,1,48432.0,0,649,3,424,322,3,50,4,3,42,19,5,7,1,6,C
75,2,1,2,62845.0,1,666,3,1178,1099,0,45,0,0,34,28,11,3,4,10,C
75,2,1,2,62845.0,1,666,3,1178,1099,0,45,0,0,34,28,11,3,4,10,C
59,2,1,0,65220.0,0,694,3,1282,890,63,292,0,25,12,23,4,8,4,7,D
69,1,1,1,53863.0,1,73,4,473,399,4,30,6,4,30,18,3,7,1,7,C
54,1,1,2,50447.0,0,99,4,148,85,7,24,2,3,27,8,1,3,1,3,B
71,1,1,1,37716.0,0,99,4,188,97,1,41,6,2,41,10,2,4,1,3,B
42,1,1,2,45203.0,0,128,4,147,35,3,67,10,8,24,8,1,3,1,3,B
49,2,1,1,37368.0,1,225,4,30,3,2,11,2,2,10,4,1,1,0,2,A
48,2,1,1,65104.0,0,257,4,1053,738,0,232,13,20,50,17,2,3,5,7,C
48,2,1,1,65104.0,0,257,4,1053,738,0,232,13,20,50,17,2,3,5,7,C
56,1,0,1,70566.0,0,296,4,757,381,28,215,84,28,21,22,2,6,5,9,D
66,1,1,1,69096.0,0,305,4,653,247,49,159,7,82,109,18,1,5,2,10,D
46,1,1,1,33039.0,0,323,4,78,30,8,12,8,8,12,7,1,2,0,4,A
46,1,1,1,33039.0,0,323,4,78,30,8,12,8,8,12,7,1,2,0,4,A
66,1,1,0,46610.0,0,376,4,467,288,10,30,4,10,125,14,1,6,1,6,C
66,1,0,1,49967.0,0,386,4,306,212,6,69,4,12,3,15,3,6,1,5,B
48,1,1,2,53359.0,0,428,4,257,173,4,30,3,6,41,14,4,5,1,4,B
53,2,1,2,49505.0,0,511,4,751,604,0,100,19,0,28,29,9,10,2,8,C
78,2,1,0,68657.0,0,524,4,1196,482,34,471,119,68,22,18,1,3,5,9,D
57,2,0,1,59235.0,0,563,4,1128,448,40,469,80,0,91,28,3,11,2,12,D
67,1,1,1,21994.0,0,582,4,22,9,0,6,3,1,3,4,1,0,0,3,A
67,1,1,1,21994.0,0,582,4,22,9,0,6,3,1,3,4,1,0,0,3,A
35,1,1,1,31928.0,0,123,5,72,33,4,24,4,2,5,9,2,3,0,4,A
37,0,1,0,30390.0,0,330,5,80,10,12,12,25,1,20,6,1,2,0,3,A
39,1,1,1,21355.0,1,343,5,68,5,13,14,0,5,31,7,2,2,1,2,A
55,1,1,1,26304.0,0,401,5,16,4,1,5,2,0,4,4,1,1,0,2,A
35,0,1,0,85710.0,1,450,5,1062,600,20,350,29,30,33,26,1,6,9,10,D
53,1,0,1,58350.0,0,571,5,1001,493,26,206,116,80,80,27,4,8,3,12,D
46,1,0,2,7500.0,0,579,5,57,6,5,4,13,4,25,10,4,2,1,3,A
40,2,0,0,18890.0,1,626,5,35,6,4,1,7,2,15,4,1,0,1,2,A
38,0,1,1,20425.0,0,638,5,57,4,12,5,3,16,17,7,2,2,0,3,A
38,0,1,1,20425.0,0,638,5,57,4,12,5,3,16,17,7,2,2,0,3,A
67,2,2,2,41437.0,0,675,5,32,29,0,2,0,0,1,5,1,1,0,3,B
75,2,1,1,49912.0,1,690,5,874,520,8,223,32,49,42,26,4,10,5,7,C
75,2,1,1,49912.0,1,690,5,874,520,8,223,32,49,42,26,4,10,5,7,C
65,1,1,1,79823.0,1,120,6,1518,835,73,380,114,73,43,23,1,6,9,7,D
70,1,2,0,85683.0,4,130,6,1789,1296,17,311,45,69,51,17,1,2,4,10,D
59,2,2,2,47025.0,0,170,6,20,16,0,3,0,0,1,4,1,1,0,2,B
48,2,1,1,68397.0,0,254,6,1416,760,80,466,17,13,80,21,1,6,9,5,D
40,2,1,1,38175.0,0,309,6,153,70,6,69,2,3,3,11,3,3,1,4,A
52,2,0,2,46423.0,0,314,6,92,68,0,16,0,0,8,9,3,2,0,4,B
52,2,0,2,46423.0,0,314,6,92,68,0,16,0,0,8,9,3,2,0,4,B
48,2,1,1,30560.0,0,397,6,31,9,1,5,4,5,7,5,1,1,0,3,A
48,2,1,1,30560.0,0,397,6,31,9,1,5,4,5,7,5,1,1,0,3,A
59,1,1,2,29672.0,0,504,6,25,9,1,3,0,4,8,4,1,0,0,3,B
59,1,1,2,29672.0,0,504,6,25,9,1,3,0,4,8,4,1,0,0,3,B
34,0,1,0,24279.0,0,577,6,263,16,36,21,20,62,108,9,1,4,1,3,A
48,2,1,1,55424.0,1,611,6,877,462,61,184,10,53,107,25,4,7,5,9,D
51,1,1,1,49094.0,0,676,6,502,376,0,38,11,8,69,20,5,6,3,6,C
64,2,1,1,30522.0,0,711,6,326,179,8,83,19,11,26,17,5,1,2,9,B
47,0,0,1,31878.0,0,37,7,70,23,4,5,10,5,23,6,1,1,0,4,A
46,2,0,0,68092.0,0,225,7,1281,852,60,207,78,36,48,20,2,2,6,10,D
52,2,1,2,53761.0,0,291,7,325,158,0,76,13,7,71,17,6,4,4,3,C
51,1,1,1,52845.0,1,350,7,936,384,25,292,130,41,64,25,3,8,8,6,D
48,1,1,1,24027.0,0,415,7,48,14,7,11,11,0,5,7,2,2,0,3,A
45,0,1,1,7500.0,0,448,7,53,2,8,11,3,8,21,11,4,3,2,2,A
69,1,1,2,42586.0,0,638,7,252,194,2,56,0,0,0,16,5,4,1,6,B
69,1,1,2,42586.0,0,638,7,252,194,2,56,0,0,0,16,5,4,1,6,B
51,0,1,1,9722.0,0,665,7,103,6,17,16,6,16,42,11,4,3,1,3,A
49,2,1,0,86836.0,3,685,7,557,179,21,273,0,21,63,23,1,6,10,6,C
52,1,1,1,30467.0,0,132,8,24,1,3,8,2,5,5,4,1,1,0,2,A
72,2,1,1,54549.0,0,148,8,233,216,2,6,0,0,9,12,2,5,1,4,B
42,1,1,1,19444.0,0,157,8,54,16,0,23,3,2,10,10,3,4,1,2,A
68,2,1,1,69245.0,0,186,8,843,428,30,214,80,30,61,23,2,6,5,10,D
71,1,1,3,48686.0,0,237,8,20,10,0,7,2,0,1,4,1,1,0,2,B
43,0,1,1,35523.0,0,299,8,66,11,5,22,12,5,11,8,2,3,0,3,A
49,2,2,1,60554.0,0,354,8,811,588,7,76,110,15,15,23,2,8,4,9,C
73,2,3,1,67680.0,0,413,8,606,546,0,48,0,6,6,19,1,7,3,8,C
43,1,1,1,54386.0,0,438,8,470,277,21,64,62,21,25,17,2,3,2,10,C
71,2,0,1,64108.0,0,493,8,1099,948,10,86,13,21,21,30,4,6,9,11,C
73,2,1,1,69702.0,0,525,8,1039,664,9,240,50,19,57,26,2,7,7,10,C
72,1,0,1,47958.0,0,556,8,407,268,11,88,15,3,22,16,2,6,3,5,C
53,1,1,2,34600.0,0,574,8,318,199,33,60,8,3,15,17,5,5,2,5,B
53,1,1,2,34600.0,0,574,8,318,199,33,60,8,3,15,17,5,5,2,5,B
55,1,1,2,48752.0,0,594,8,316,73,57,100,71,15,0,17,5,6,1,5,C
36,0,1,1,15716.0,0,624,8,92,16,5,30,8,7,26,10,3,3,0,4,A
72,2,2,2,46610.0,0,638,8,302,96,12,96,33,22,43,17,6,4,1,6,C
79,2,0,0,45576.0,0,62,9,145,56,19,29,2,14,25,8,1,3,1,3,B
37,1,0,1,57100.0,0,72,9,311,158,11,99,15,11,17,14,2,3,2,7,A
52,1,1,2,24434.0,0,72,9,50,3,2,8,20,0,17,7,2,2,1,2,B
53,2,1,1,37126.0,1,121,9,72,45,3,9,4,4,7,6,1,1,2,2,A
66,1,0,2,45160.0,0,122,9,21,8,2,5,3,0,3,4,1,1,0,2,B
47,1,1,1,33178.0,0,180,9,49,12,6,2,11,2,16,5,1,1,0,3,A
74,2,3,1,64866.0,1,184,9,556,508,5,21,7,5,10,21,4,7,3,7,C
49,2,1,1,34176.0,0,188,9,28,11,2,7,4,2,2,5,1,1,0,3,A
56,2,0,1,50014.0,0,188,9,396,234,14,77,19,10,42,15,2,4,1,8,C
54,2,2,1,55282.0,0,228,9,235,125,6,73,8,4,19,11,1,3,1,6,B
61,2,2,1,48799.0,0,266,9,331,174,18,81,28,6,24,15,3,3,2,7,C
53,2,0,1,39763.0,0,359,9,167,80,1,60,4,6,16,10,2,5,1,2,A
49,2,2,0,74165.0,0,454,9,1293,1001,12,240,16,12,12,20,1,5,4,10,C
59,1,0,2,42720.0,0,461,9,654,392,5,91,28,26,112,25,8,7,3,7,C
80,1,1,0,65275.0,0,482,9,746,388,14,218,91,14,21,21,1,4,3,13,D
63,1,1,2,36443.0,0,541,9,138,65,0,46,4,3,20,11,4,3,1,3,B
72,2,1,2,43776.0,0,541,9,275,177,2,71,3,2,20,17,6,5,2,4,B
59,1,1,0,56046.0,1,573,9,692,577,0,64,0,0,51,21,2,10,1,8,C
69,1,2,1,49431.0,0,725,9,365,219,3,100,26,0,17,15,2,7,1,5,B
63,2,1,2,32583.0,0,44,10,9,5,0,3,0,0,1,4,1,1,0,2,B
45,2,0,1,16653.0,0,102,10,69,5,7,31,15,4,7,9,3,2,1,3,A
53,0,1,2,26850.0,0,102,10,63,31,1,13,7,2,9,11,4,2,1,4,B
56,1,1,2,51287.0,0,119,10,182,117,0,22,13,0,30,11,3,4,1,3,B
51,0,1,1,43050.0,0,133,10,76,30,5,24,6,3,8,8,2,2,0,4,A
32,0,1,1,17256.0,1,248,10,62,6,4,14,8,8,22,7,2,2,1,2,A
41,2,1,1,33569.0,1,286,10,63,16,2,18,3,0,24,5,1,1,1,2,A
44,0,1,1,25130.0,0,300,10,50,2,5,7,0,18,18,7,2,2,0,3,A
72,1,1,1,62998.0,0,302,10,463,120,58,73,65,89,58,19,5,5,4,5,D
48,0,1,2,26907.0,0,343,10,22,9,1,7,0,3,2,6,2,1,0,3,A
48,0,1,2,26907.0,0,343,10,22,9,1,7,0,3,2,6,2,1,0,3,A
76,2,1,1,45579.0,0,343,10,183,145,1,33,2,1,1,10,1,4,1,4,B
67,1,1,1,47320.0,0,362,10,414,200,19,111,50,15,19,20,6,5,1,8,C
38,2,1,1,28072.0,0,386,10,47,30,0,10,2,0,5,5,1,1,0,3,A
55,1,1,3,58917.0,0,492,10,282,151,7,89,0,7,28,16,5,4,1,6,B
75,1,1,0,69372.0,2,525,10,1381,997,26,269,34,13,42,21,1,10,4,6,D
53,2,1,1,35178.0,1,565,10,59,23,1,13,2,2,18,5,1,1,1,2,A
53,2,1,1,35178.0,1,565,10,59,23,1,13,2,2,18,5,1,1,1,2,A
42,1,1,0,69109.0,1,627,10,1555,823,25,459,124,29,95,20,1,6,6,7,D
42,1,1,0,69109.0,1,627,10,1555,823,25,459,124,29,95,20,1,6,6,7,D
30,1,1,0,80134.0,4,165,11,1378,966,26,282,52,26,26,21,1,2,7,11,D
54,1,2,1,64713.0,0,172,11,602,180,60,241,13,54,54,19,2,5,5,7,D
38,1,2,0,41411.0,0,234,11,139,37,32,38,11,3,18,8,1,2,1,4,A
69,2,0,3,55521.0,1,280,11,446,416,0,26,0,0,4,24,9,6,3,6,B
56,2,1,1,43795.0,1,286,11,492,314,11,53,4,3,107,17,3,7,3,4,C
54,1,1,1,22070.0,0,298,11,67,10,7,19,8,2,21,8,2,2,2,2,A
75,2,1,2,36408.0,0,311,11,22,9,1,4,3,2,3,4,1,1,0,2,B
74,1,1,2,34026.0,0,358,11,76,18,6,15,12,8,17,9,3,2,1,3,B
74,1,1,2,34026.0,0,358,11,76,18,6,15,12,8,17,9,3,2,1,3,B
48,1,1,2,46049.0,0,373,11,515,342,9,112,19,14,19,26,10,5,2,9,C
52,2,1,1,35641.0,0,380,11,178,63,3,67,8,9,28,10,2,3,1,4,A
40,0,1,0,32414.0,1,390,11,52,20,6,5,0,9,12,5,1,1,0,3,A
69,2,1,1,59821.0,0,473,11,734,629,0,70,0,0,35,26,6,11,2,7,C
44,1,1,1,34968.0,0,475,11,221,158,6,45,8,2,2,17,7,3,2,5,A
57,2,1,1,56320.0,0,477,11,702,201,53,172,116,77,83,21,3,5,4,9,D
55,2,1,1,70091.0,1,485,11,1161,964,34,137,15,0,11,19,2,5,2,10,C
68,1,1,1,46097.0,0,485,11,241,72,24,68,65,4,8,15,5,3,1,6,B
65,1,1,1,44911.0,0,501,11,215,159,0,22,2,1,31,12,3,4,1,4,B
49,1,0,1,33249.0,0,524,11,112,6,10,21,19,14,42,8,2,2,1,3,A
49,1,0,1,33249.0,0,524,11,112,6,10,21,19,14,42,8,2,2,1,3,A
74,2,2,2,42873.0,0,554,11,269,209,0,40,3,2,15,15,4,6,1,4,B
55,2,1,2,51039.0,0,596,11,417,100,64,79,65,0,109,14,2,6,2,4,C
58,2,2,2,29435.0,0,722,11,180,70,3,37,4,2,64,11,4,3,2,2,B
36,1,0,1,34176.0,0,78,12,89,5,7,24,19,14,20,11,4,3,0,4,A
36,1,0,1,34176.0,0,78,12,89,5,7,24,19,14,20,11,4,3,0,4,A
54,2,1,1,65968.0,0,78,12,495,376,9,83,19,4,4,18,2,5,4,7,C
68,2,0,0,86424.0,0,115,12,1226,387,68,569,89,45,68,28,1,6,9,12,D
58,1,2,1,67272.0,0,220,12,733,357,35,271,28,28,14,23,3,6,2,12,C
67,1,0,0,78499.0,1,248,12,1334,912,72,170,47,36,97,19,1,11,3,4,D
52,1,1,1,77044.0,1,275,12,1065,625,38,242,50,34,76,31,2,7,11,11,D
49,2,1,1,17459.0,0,313,12,69,6,4,16,3,10,30,9,3,3,1,2,A
68,1,1,0,15759.0,0,327,12,17,1,2,5,6,0,3,4,1,1,0,2,A
48,0,1,0,26326.0,0,328,12,18,1,0,5,0,3,9,4,1,0,0,3,A
48,1,1,1,62061.0,1,332,12,800,641,7,84,0,30,38,24,3,10,4,7,C
48,1,1,1,5305.0,0,364,12,32,12,4,7,1,3,5,1,0,1,0,0,A
42,2,0,0,75777.0,2,390,12,1438,712,26,538,69,13,80,21,1,3,6,11,D
42,2,0,0,75777.0,2,390,12,1438,712,26,538,69,13,80,21,1,3,6,11,D
46,2,0,1,31626.0,1,445,12,86,39,1,9,2,1,34,6,1,2,1,2,A
32,2,1,0,42670.0,0,458,12,241,154,2,46,20,4,15,11,1,4,2,4,A
55,2,1,1,41021.0,0,576,12,64,14,7,9,6,16,12,7,2,2,0,3,A
68,1,1,0,79456.0,0,706,12,1401,565,42,548,64,83,99,16,1,5,6,4,D
72,2,1,1,50870.0,0,40,13,63,53,0,8,0,0,2,6,1,2,0,3,B
41,2,1,0,35876.0,0,100,13,129,66,2,40,4,3,14,8,1,3,1,3,A
67,1,1,0,23539.0,0,151,13,81,4,24,11,16,1,25,7,1,2,0,4,A
57,2,0,1,32557.0,0,155,13,80,34,3,29,0,4,10,9,3,2,1,3,A
58,1,1,2,54198.0,0,224,13,235,185,0,28,3,2,17,16,6,3,1,6,B
60,2,0,0,61798.0,0,248,13,463,338,4,89,11,8,13,16,1,4,2,9,C
32,0,0,1,15253.0,0,274,13,29,1,3,3,8,1,13,6,2,1,0,3,A
69,1,0,1,62535.0,0,299,13,398,163,48,90,0,45,52,14,1,3,2,8,C
51,0,1,1,27190.0,1,348,13,18,1,6,7,0,1,3,4,1,1,0,2,A
56,0,1,1,48985.0,0,389,13,75,19,13,18,10,7,8,6,1,1,1,3,A
39,0,1,1,36145.0,1,408,13,172,56,4,76,17,1,18,12,4,4,1,3,A
36,1,1,1,41883.0,0,497,13,312,32,34,41,73,16,116,12,3,4,2,3,C
60,2,1,2,45759.0,0,521,13,68,42,1,18,3,0,4,7,2,2,0,3,B
60,2,1,2,45759.0,0,521,13,68,42,1,18,3,0,4,7,2,2,0,3,B
35,1,0,1,30279.0,0,576,13,37,10,4,14,4,4,1,5,1,1,0,3,A
35,1,0,1,30279.0,0,576,13,37,10,4,14,4,4,1,5,1,1,0,3,A
54,1,3,1,31880.0,0,636,13,15,4,1,5,2,0,3,4,1,1,0,2,A
51,1,3,2,60208.0,1,660,13,656,488,23,71,15,0,59,29,11,8,3,7,C
51,2,1,1,37401.0,0,84,14,48,19,3,19,3,1,3,7,2,2,0,3,A
51,2,1,1,37401.0,0,84,14,48,19,3,19,3,1,3,7,2,2,0,3,A
59,1,0,1,69263.0,1,146,14,568,492,5,32,13,5,21,18,1,9,1,7,C
58,2,1,1,57705.0,0,199,14,486,383,0,53,6,4,40,18,3,8,1,6,C
75,2,3,1,51529.0,0,325,14,467,400,4,35,6,0,22,17,2,9,1,5,C
78,1,1,0,18100.0,0,357,14,14,3,1,2,4,3,1,4,1,0,0,3,A
47,0,2,1,59601.0,1,369,14,797,691,7,69,0,7,23,15,4,2,2,7,C
47,0,1,0,20981.0,0,455,14,73,2,12,10,6,13,30,7,1,3,1,2,A
41,1,1,0,36790.0,0,515,14,66,3,3,14,15,21,10,6,1,2,1,2,A
53,1,1,1,18793.0,0,563,14,77,4,16,20,0,17,20,9,3,2,0,4,A
70,1,3,0,27421.0,0,594,14,324,43,12,96,78,40,55,14,3,4,1,6,C
52,1,1,1,30675.0,0,624,14,62,10,2,16,11,2,21,5,1,1,0,3,A
56,2,1,1,34053.0,0,687,14,103,63,0,21,7,0,12,7,1,3,0,3,A
41,2,0,1,31788.0,0,131,15,60,16,7,23,0,8,6,10,3,3,0,4,A
50,0,1,2,45894.0,0,152,15,51,27,2,7,0,2,13,5,1,1,0,3,B
46,1,2,1,41986.0,0,170,15,63,27,5,8,8,3,12,10,3,3,0,4,A
62,2,1,1,42769.0,0,290,15,88,71,0,13,3,1,0,8,2,1,1,4,B
42,0,1,1,58582.0,1,304,15,763,402,35,106,101,77,42,22,2,9,2,9,D
60,1,1,2,49096.0,0,308,15,187,144,1,32,2,1,7,13,4,4,1,4,B
34,1,1,0,18929.0,0,528,15,85,32,0,8,23,4,18,6,1,1,0,4,A
34,1,1,0,18929.0,0,528,15,85,32,0,8,23,4,18,6,1,1,0,4,A
34,1,1,0,18929.0,0,528,15,85,32,0,8,23,4,18,6,1,1,0,4,A
38,2,0,1,21888.0,0,577,15,213,88,10,46,2,3,64,12,4,5,1,2,A
46,1,1,2,41580.0,0,596,15,92,56,5,24,4,0,3,9,3,2,1,3,B
45,2,1,1,31605.0,0,614,15,125,74,0,42,2,1,6,9,2,2,1,4,A
50,2,2,1,25509.0,0,679,15,101,40,3,30,10,7,11,9,3,3,0,3,A
50,2,2,1,25509.0,0,679,15,101,40,3,30,10,7,11,9,3,3,0,3,A
58,2,1,2,28764.0,1,54,16,12,8,0,3,0,0,1,4,1,1,0,2,B
41,0,1,1,32146.0,0,78,16,66,26,3,23,4,7,3,8,2,2,0,4,A
41,1,0,0,22148.0,0,107,16,49,15,5,14,0,4,11,5,1,1,0,3,A
45,1,1,1,36781.0,0,110,16,63,29,1,17,0,3,13,6,1,2,1,2,A
64,2,1,1,54197.0,0,117,16,237,162,6,37,6,13,13,12,2,1,3,6,B
52,1,0,1,24762.0,1,169,16,86,6,10,12,3,15,40,9,3,3,1,2,A
40,2,1,1,30477.0,0,188,16,66,47,1,6,0,0,12,6,1,1,1,3,A
49,0,2,0,11448.0,0,226,16,14,0,0,0,6,2,6,4,1,1,0,2,A
57,1,2,2,70844.0,0,272,16,294,129,26,67,3,67,2,17,5,6,1,5,C
44,1,0,1,30828.0,0,298,16,56,16,11,15,2,0,12,8,2,1,1,4,A
57,2,1,1,62513.0,0,323,16,716,520,42,98,0,42,14,22,2,6,4,10,C
43,0,1,1,27733.0,0,337,16,57,0,7,5,26,2,17,7,2,2,0,3,A
51,2,1,1,39435.0,0,357,16,102,71,0,18,0,0,13,7,1,3,1,2,A
38,0,1,0,20491.0,0,550,16,30,5,4,5,4,2,10,4,1,0,1,2,A
53,1,1,1,36715.0,0,619,16,357,172,10,125,21,13,16,19,6,7,2,4,C
65,1,1,1,71706.0,0,623,16,1443,931,56,253,91,98,14,25,4,9,5,7,D
58,2,1,1,69063.0,0,629,16,928,666,35,124,69,8,26,14,1,5,3,5,C
36,1,1,1,24645.0,0,635,16,17,5,3,4,4,1,0,4,1,1,0,2,A
49,1,1,1,35797.0,0,651,16,68,27,1,14,4,1,21,7,2,2,0,3,A
55,1,1,2,44078.0,0,40,17,41,24,1,10,2,0,4,7,2,2,0,3,B
53,1,0,1,26954.0,0,82,17,17,4,1,11,0,0,1,4,1,1,0,2,A
52,2,1,1,38887.0,0,149,17,42,25,1,13,0,0,3,5,1,1,0,3,A
50,0,1,1,65463.0,1,180,17,562,391,32,70,21,32,16,19,2,6,2,9,C
65,2,1,2,53537.0,0,180,17,93,81,0,6,0,0,6,8,2,2,1,3,B
53,2,0,1,36230.0,0,285,17,59,14,2,30,8,2,3,7,1,2,0,4,A
53,2,1,2,60585.0,0,400,17,736,267,42,309,55,42,21,30,10,7,4,9,D
50,1,0,1,49166.0,0,411,17,368,224,2,25,7,0,110,13,2,5,3,3,C
69,2,1,0,75261.0,2,462,17,1743,1239,17,413,23,34,17,17,1,5,6,5,D
46,1,0,1,38557.0,0,587,17,145,76,3,31,4,4,27,9,2,3,1,3,A
61,2,1,1,81300.0,1,637,17,1241,1004,12,145,32,12,36,21,3,10,3,5,C
47,2,1,1,69389.0,0,669,17,797,422,7,238,69,46,15,22,1,7,2,12,D
49,2,1,2,44319.0,0,103,18,37,26,0,8,0,0,3,7,2,2,0,3,B
67,0,1,1,53233.0,0,133,18,40,28,0,9,3,0,0,5,1,1,0,3,B
37,1,2,0,81361.0,0,154,18,778,163,23,424,27,65,76,27,1,3,10,13,D
37,1,2,0,81361.0,0,154,18,778,163,23,424,27,65,76,27,1,3,10,13,D
40,0,0,1,25707.0,0,192,18,21,1,6,2,3,6,3,5,1,1,0,3,A
53,2,1,1,42403.0,0,230,18,42,22,1,11,0,5,3,5,1,1,0,3,A
44,1,1,1,37406.0,0,292,18,17,2,0,8,2,2,3,4,1,1,0,2,A
73,2,1,0,39767.0,0,373,18,485,113,61,204,34,26,47,17,2,7,1,7,C
45,0,1,1,54210.0,0,435,18,367,70,54,109,80,9,45,14,2,4,1,7,C
49,1,1,1,40794.0,0,478,18,434,261,23,73,4,23,50,16,2,6,3,5,C
59,1,1,0,83003.0,1,513,18,1674,856,61,570,40,25,122,22,1,7,6,8,D
33,0,1,0,20193.0,0,608,18,82,8,8,22,24,11,9,7,1,1,1,4,A
53,1,1,2,43824.0,0,682,18,186,96,1,42,12,3,32,12,4,3,1,4,B
49,1,1,2,66653.0,0,690,18,612,452,18,102,16,18,6,22,4,4,2,12,C
46,1,1,2,44359.0,0,42,19,45,20,0,14,7,3,1,9,3,2,0,4,B
63,1,1,0,79410.0,0,61,19,1370,658,80,483,123,13,13,11,1,3,2,5,D
47,2,1,1,55842.0,0,67,19,518,451,0,39,0,4,24,17,1,7,1,8,C
51,1,1,0,57100.0,0,237,19,409,181,21,69,39,3,96,13,1,3,3,6,C
43,1,1,1,29009.0,0,242,19,44,6,6,15,10,5,2,7,2,2,0,3,A
49,2,1,1,7500.0,0,300,19,31,3,1,10,3,2,12,8,3,2,0,3,A
48,1,1,1,56939.0,0,314,19,561,256,34,103,90,29,49,18,2,3,3,10,C
34,1,1,0,30093.0,0,386,19,69,2,6,28,13,4,16,6,1,2,0,3,A
50,2,1,1,30351.0,0,418,19,46,14,0,24,3,3,2,6,1,3,0,2,A
50,2,1,1,30351.0,0,418,19,46,14,0,24,3,3,2,6,1,3,0,2,A
64,2,1,1,38201.0,0,487,19,268,233,0,23,0,0,12,15,4,5,1,5,B
44,2,1,1,43974.0,0,594,19,551,378,0,101,0,0,72,21,5,6,4,6,C
54,1,1,2,38200.0,0,599,19,17,12,0,4,0,0,1,4,1,1,0,2,B
63,1,1,2,16860.0,0,685,19,38,10,4,4,3,3,14,8,3,1,1,3,B
52,2,0,1,27213.0,0,698,19,70,19,3,26,10,9,3,9,3,2,0,4,A
48,1,1,1,7500.0,1,727,19,71,7,0,12,13,7,32,12,5,4,1,2,A
59,1,2,0,4861.0,0,37,20,6,2,1,1,1,0,1,0,0,0,0,0,A
53,2,1,2,38196.0,0,102,20,44,30,0,11,0,0,3,9,3,2,0,4,B
74,2,1,2,41145.0,0,171,20,13,9,0,3,0,0,1,4,1,0,0,3,B
42,2,0,1,38513.0,0,182,20,324,172,3,115,16,0,18,17,5,6,1,5,A
56,1,1,1,45688.0,1,185,20,306,279,0,18,0,0,9,14,2,3,1,8,B
66,2,1,0,77863.0,0,244,20,1291,881,38,319,16,25,12,20,1,4,5,10,D
55,2,1,2,42169.0,0,283,20,30,19,0,9,0,0,2,6,2,1,0,3,B
36,0,2,1,35388.0,0,509,20,32,6,4,7,4,3,8,5,1,1,0,3,A
70,1,1,1,39898.0,0,532,20,134,69,8,26,12,7,12,9,2,3,0,4,B
70,1,1,1,39898.0,0,532,20,134,69,8,26,12,7,12,9,2,3,0,4,B
51,2,2,2,44051.0,0,546,20,171,79,7,58,6,3,18,12,4,3,1,4,B
48,1,1,2,58597.0,0,616,20,733,490,0,184,10,28,21,32,12,7,4,9,C
57,1,0,2,46904.0,0,633,20,253,153,4,56,0,9,31,14,4,5,1,4,B
52,2,1,1,29791.0,0,75,21,20,14,0,6,0,0,0,7,2,2,0,3,A
61,2,0,2,48918.0,0,108,21,62,52,0,9,0,0,1,7,2,1,0,4,B
61,2,0,2,48918.0,0,108,21,62,52,0,9,0,0,1,7,2,1,0,4,B
59,1,1,1,58692.0,0,114,21,395,301,11,61,4,7,11,15,1,8,2,4,C
48,1,1,2,39356.0,1,132,21,23,15,0,2,0,0,6,4,1,1,0,2,B
52,2,1,1,76234.0,1,173,21,907,519,50,167,130,0,41,23,1,8,3,11,D
70,1,2,1,50002.0,0,407,21,638,443,5,71,21,16,82,19,2,8,2,7,C
66,1,1,1,53977.0,0,416,21,907,620,16,165,0,24,82,27,5,5,5,12,C
66,1,1,1,53977.0,0,416,21,907,620,16,165,0,24,82,27,5,5,5,12,C
57,2,1,0,62981.0,1,499,21,1482,796,14,590,38,44,0,23,1,4,5,13,D
50,2,1,2,46014.0,0,554,21,541,410,0,59,19,9,44,26,10,7,1,8,C
37,1,1,1,18227.0,0,628,21,28,1,2,7,4,3,11,4,1,0,1,2,A
48,1,1,1,65991.0,0,690,21,971,507,19,364,25,47,9,27,3,9,5,10,D
52,1,0,1,38808.0,1,702,21,246,125,17,52,3,19,30,14,4,5,1,4,A
55,2,1,1,30396.0,1,90,22,34,15,0,6,0,1,12,6,2,1,1,2,A
60,2,1,1,65526.0,0,109,22,506,397,19,69,12,0,9,17,1,4,4,8,C
60,2,1,1,65526.0,0,109,22,506,397,19,69,12,0,9,17,1,4,4,8,C
80,1,1,0,55956.0,1,113,22,999,760,38,104,50,9,38,16,2,7,3,4,C
46,1,2,1,55563.0,0,115,22,43,29,1,9,2,0,2,6,1,2,0,3,A
59,2,1,2,57236.0,0,139,22,121,105,0,9,2,1,4,10,3,2,1,4,B
51,1,2,2,89694.0,3,293,22,1472,1126,28,211,37,28,42,14,3,4,3,4,D
53,2,1,1,57420.0,1,399,22,322,280,0,18,0,0,24,15,3,5,1,6,C
52,1,1,2,33622.0,0,472,22,81,39,1,22,3,4,12,9,3,2,0,4,B
38,2,0,1,29999.0,0,531,22,160,68,7,59,10,5,11,12,4,3,1,4,A
62,2,1,1,31497.0,0,600,22,155,108,1,28,13,1,4,10,2,3,1,4,B
62,2,1,1,31497.0,0,600,22,155,108,1,28,13,1,4,10,2,3,1,4,B
44,2,0,1,36802.0,0,43,23,20,16,1,2,0,0,1,5,1,1,0,3,A
56,1,2,1,61671.0,2,56,23,732,641,7,56,0,0,28,28,8,10,4,6,C
53,2,1,1,29732.0,0,126,23,38,25,0,8,0,1,4,5,1,2,0,2,A
38,2,1,0,45921.0,0,141,23,199,102,9,49,24,3,12,10,1,2,1,6,A
40,1,1,1,16529.0,0,150,23,22,3,0,5,13,0,1,5,1,1,0,3,A
72,2,1,1,77027.0,0,174,23,1175,820,57,242,45,0,11,19,2,8,3,6,D
59,1,1,1,69139.0,0,183,23,227,86,12,75,33,15,6,11,1,4,1,5,B
59,1,1,1,69139.0,0,183,23,227,86,12,75,33,15,6,11,1,4,1,5,B
42,1,1,0,65169.0,4,196,23,1189,1074,0,69,0,0,46,28,1,10,4,13,C
72,1,3,1,40049.0,0,286,23,32,13,6,7,0,3,3,5,1,1,0,3,B
79,1,1,0,69755.0,0,300,23,894,217,77,373,111,23,93,22,1,3,6,12,D
63,2,1,1,54456.0,0,383,23,404,352,0,27,10,0,15,17,3,6,1,7,C
46,0,0,1,26487.0,0,435,23,69,2,8,10,12,14,23,9,3,2,1,3,A
54,1,1,1,28164.0,0,451,23,78,3,18,26,11,8,12,9,3,2,0,4,A
54,1,0,0,22585.0,1,498,23,81,3,9,15,13,2,39,5,1,1,1,2,A
53,1,1,1,64795.0,0,558,23,680,412,5,119,38,29,77,21,3,3,3,12,C
78,2,0,0,82800.0,2,612,23,1315,1006,22,115,59,68,45,26,1,7,6,12,D
78,2,0,0,82800.0,2,612,23,1315,1006,22,115,59,68,45,26,1,7,6,12,D
49,0,1,1,30801.0,0,641,23,45,8,4,5,15,2,11,6,2,1,0,3,A
50,2,1,1,83891.0,0,39,24,816,217,38,350,111,85,15,22,1,4,7,10,D
74,2,2,2,38054.0,0,89,24,45,23,2,17,2,1,0,7,2,2,0,3,B
55,1,1,1,14045.0,0,184,24,20,11,0,5,2,1,1,5,1,1,0,3,A
67,2,1,2,44155.0,0,191,24,46,22,1,9,0,0,14,5,1,1,1,2,B
54,2,0,1,57642.0,1,201,24,679,580,6,58,8,0,27,22,3,7,6,6,C
47,1,1,2,31353.0,0,212,24,31,10,0,10,3,1,7,6,2,1,1,2,B
47,1,1,2,31353.0,0,212,24,31,10,0,10,3,1,7,6,2,1,1,2,B
56,2,2,1,41335.0,0,215,24,187,112,19,21,16,14,5,12,3,4,1,4,B
56,2,2,1,41335.0,0,215,24,187,112,19,21,16,14,5,12,3,4,1,4,B
67,2,0,3,40737.0,0,233,24,17,11,0,4,0,0,2,4,1,1,0,2,B
49,0,1,1,19789.0,1,251,24,78,2,5,9,28,6,28,9,3,2,1,3,A
75,2,2,2,35946.0,0,305,24,11,8,0,3,0,0,0,4,1,0,0,3,B
70,2,3,1,44551.0,0,332,24,285,182,4,33,0,0,66,12,2,4,1,5,B
65,1,1,0,71367.0,0,340,24,777,227,23,389,42,21,75,17,1,4,5,7,D
65,1,1,0,71367.0,0,340,24,777,227,23,389,42,21,75,17,1,4,5,7,D
65,1,1,1,57957.0,0,344,24,637,290,59,177,77,5,29,25,7,4,6,8,D
75,2,1,1,48150.0,0,416,24,266,173,2,39,3,2,47,13,3,5,1,4,B
55,1,1,1,56796.0,0,528,24,1001,656,38,161,62,47,37,27,3,8,9,7,D
55,1,1,1,56796.0,0,528,24,1001,656,38,161,62,47,37,27,3,8,9,7,D
28,0,1,0,7500.0,0,627,24,122,3,18,14,15,22,50,10,3,3,1,3,A
72,2,1,2,33444.0,0,633,24,18,8,0,8,0,0,2,4,1,1,0,2,B
51,1,1,1,20895.0,0,661,24,45,18,3,17,3,0,4,6,1,2,0,3,A
48,2,1,1,37509.0,0,685,24,123,37,5,56,12,8,5,9,2,3,0,4,A
51,1,1,2,59041.0,0,83,25,96,69,2,15,2,2,6,8,2,2,0,4,B
50,1,0,0,43322.0,0,99,25,141,56,7,48,10,2,18,8,1,3,0,4,A
69,2,1,2,46015.0,2,107,25,46,38,0,2,0,0,6,5,1,1,0,3,B
69,2,1,2,46015.0,2,107,25,46,38,0,2,0,0,6,5,1,1,0,3,B
65,2,1,1,34242.0,0,128,25,15,8,2,4,0,0,1,4,1,0,0,3,B
69,1,1,1,65210.0,2,141,25,731,626,0,70,0,7,28,22,2,9,3,8,C
66,2,3,1,50520.0,0,182,25,135,112,0,6,2,1,14,9,2,3,1,3,B
66,2,1,2,49572.0,0,226,25,54,35,1,16,0,1,1,7,2,2,0,3,B
46,1,1,0,75437.0,1,262,25,1493,795,0,545,95,58,0,23,1,8,4,10,D
53,2,2,2,44635.0,0,291,25,68,56,0,9,0,0,3,7,2,2,0,3,B
72,2,0,1,62000.0,1,338,25,1020,899,0,101,0,0,20,26,1,6,6,13,C
68,1,0,2,54252.0,0,427,25,264,178,4,26,8,4,44,15,5,4,1,5,B
50,2,1,1,45068.0,0,439,25,20,14,0,3,0,0,3,4,1,1,0,2,A
37,1,1,1,22434.0,0,531,25,58,4,12,11,3,13,15,7,2,2,0,3,A
68,2,1,1,58656.0,1,677,25,1220,962,12,194,16,24,12,32,4,7,8,13,C
38,0,0,1,8940.0,0,706,25,101,1,45,3,4,6,42,10,3,3,1,3,A
50,1,1,2,26751.0,0,68,26,11,1,1,5,0,3,1,4,1,1,0,2,B
40,1,1,1,26646.0,0,169,26,53,11,4,20,10,3,5,8,2,2,0,4,A
50,1,2,1,19346.0,0,180,26,22,2,0,9,3,6,2,5,1,1,0,3,A
49,1,0,3,56243.0,0,211,26,396,347,0,35,4,3,7,20,6,4,2,8,B
54,2,1,1,59892.0,0,269,26,87,73,0,13,0,1,0,7,1,2,1,3,B
59,1,1,0,71613.0,0,342,26,776,426,49,127,111,21,42,21,1,8,2,10,D
38,1,1,1,25252.0,0,382,26,18,1,3,4,2,2,6,4,1,1,0,2,A
49,1,0,2,42160.0,0,396,26,140,48,9,45,3,15,20,11,4,2,1,4,B
45,0,0,1,15862.0,0,397,26,36,1,1,4,11,9,10,5,1,1,0,3,A
50,2,1,0,82584.0,2,420,26,1435,1076,68,103,29,91,68,16,1,3,4,8,D
35,1,1,1,38360.0,0,424,26,131,36,2,42,20,21,10,9,2,2,1,4,A
67,2,1,3,75283.0,0,489,26,1019,733,9,180,12,19,66,25,11,6,3,5,C
68,2,1,2,34941.0,0,510,26,97,39,2,25,4,3,24,8,2,3,0,3,B
50,1,1,1,44989.0,0,685,26,369,98,0,106,49,10,106,16,5,5,1,5,C
50,1,1,1,44989.0,0,685,26,369,98,0,106,49,10,106,16,5,5,1,5,C
44,1,1,1,43586.0,0,698,26,132,99,2,11,4,0,16,10,3,3,0,4,A
50,1,0,1,32233.0,1,709,26,296,138,15,35,25,11,72,12,2,6,2,2,C
61,2,1,1,57288.0,1,34,27,608,527,0,21,0,0,60,20,3,8,1,8,C
36,2,0,0,90247.0,3,91,27,1621,1184,32,352,21,16,16,15,1,3,4,7,D
64,0,0,0,32218.0,1,164,27,93,10,24,15,13,1,30,7,1,2,1,3,A
58,1,2,1,48877.0,0,205,27,144,102,1,15,2,0,24,8,1,3,0,4,B
74,1,1,1,60905.0,0,236,27,392,208,17,76,36,17,38,15,2,3,3,7,C
60,1,1,1,75236.0,0,246,27,1068,438,66,400,12,38,114,25,1,8,3,13,D
62,1,0,2,50785.0,0,322,27,114,64,1,21,0,1,27,8,2,2,1,3,B
54,0,1,0,15315.0,0,360,27,64,7,4,13,15,8,17,8,2,2,0,4,A
54,0,1,0,15315.0,0,360,27,64,7,4,13,15,8,17,8,2,2,0,4,A
54,2,1,1,64413.0,0,362,27,279,200,5,44,0,10,20,12,1,5,1,5,B
43,2,1,0,87171.0,2,454,27,1298,1001,44,107,58,44,44,25,1,6,7,11,D
63,1,0,1,30081.0,0,523,27,42,36,0,2,0,0,4,5,1,1,0,3,A
48,1,0,0,20180.0,0,524,27,137,18,42,24,15,20,18,8,1,2,1,4,A
48,1,0,0,20180.0,0,524,27,137,18,42,24,15,20,18,8,1,2,1,4,A
58,1,2,1,55686.0,1,530,27,982,673,0,199,37,47,26,16,2,6,3,5,C
65,0,1,1,26887.0,0,534,27,30,6,7,4,3,4,6,5,1,1,0,3,A
47,2,1,1,61996.0,3,544,27,1230,1050,12,144,0,0,24,21,3,6,4,8,C
72,1,2,1,51537.0,0,597,27,1103,787,20,204,0,0,92,18,3,2,2,11,C
53,2,1,1,30538.0,0,666,27,367,284,0,52,8,3,20,17,4,9,0,4,A
35,1,1,1,75433.0,2,115,28,1188,800,0,297,0,34,57,19,2,2,5,10,C
62,2,3,0,82571.0,1,118,28,1686,861,31,558,62,95,79,24,0,6,5,13,D
70,2,1,1,60033.0,0,122,28,198,62,1,57,19,11,48,10,2,2,1,5,B
41,1,0,1,39062.0,1,126,28,44,23,0,9,0,0,12,5,1,1,0,3,A
52,1,1,1,30023.0,0,127,28,61,11,0,16,7,6,21,6,1,2,0,3,A
54,1,0,1,30015.0,0,177,28,57,25,0,22,2,3,5,7,2,1,0,4,A
44,1,1,1,33228.0,0,187,28,71,22,2,31,7,4,5,6,1,2,0,3,A
57,1,1,3,22574.0,0,274,28,37,25,0,8,2,0,2,7,2,2,0,3,B
57,1,1,3,22574.0,0,274,28,37,25,0,8,2,0,2,7,2,2,0,3,B
67,1,1,1,55267.0,0,281,28,405,161,28,136,32,3,45,17,4,3,4,6,C
40,2,0,0,82733.0,0,322,28,1323,712,50,420,65,38,38,20,1,8,4,7,D
61,1,2,2,45146.0,0,379,28,53,33,0,5,0,0,15,6,2,1,1,2,B
34,0,0,1,51250.0,1,486,28,710,342,32,230,34,32,40,24,5,10,5,4,C
73,1,1,2,32871.0,0,507,28,43,22,2,12,0,2,5,5,1,1,0,3,B
52,0,1,1,46344.0,0,592,28,429,233,20,57,8,20,91,17,4,7,1,5,C
61,1,1,2,50437.0,0,650,28,490,370,9,92,6,9,4,19,3,7,1,8,B
61,2,1,2,4023.0,0,36,29,9,5,0,1,1,1,1,15,15,0,0,0,B
58,1,0,0,33279.0,0,47,29,16,10,3,3,0,0,0,4,1,0,0,3,A
46,1,1,1,42693.0,0,52,29,57,8,4,20,6,3,16,5,1,1,0,3,A
72,2,1,1,70545.0,0,56,29,334,138,39,63,55,18,21,13,1,4,1,7,C
67,1,3,1,65486.0,0,78,29,507,245,19,125,37,67,14,17,1,4,2,10,C
64,1,1,0,78468.0,1,111,29,1004,434,22,388,104,22,34,28,1,10,7,10,D
61,1,1,1,77226.0,0,151,29,1138,631,43,239,128,76,21,28,2,6,8,12,D
65,0,2,1,59052.0,0,254,29,491,230,35,75,63,57,31,18,3,7,1,7,C
72,0,1,0,13084.0,0,269,29,29,2,0,7,3,7,10,5,1,1,0,3,A
75,1,2,1,49160.0,0,282,29,236,122,21,43,25,10,15,12,2,3,1,6,B
71,1,2,0,23272.0,0,285,29,46,19,3,6,4,2,12,5,1,1,0,3,A
59,2,1,2,62694.0,0,407,29,749,379,6,157,25,91,91,24,5,9,3,7,C
51,2,1,1,57906.0,0,413,29,401,243,11,119,10,3,15,17,3,4,2,8,C
64,1,1,0,30507.0,0,505,29,343,65,36,74,38,20,110,11,1,5,1,4,C
71,1,3,0,53653.0,0,629,29,1210,815,10,239,28,10,108,28,2,10,4,12,C
44,0,1,0,25965.0,0,690,29,74,2,2,11,41,7,11,6,1,2,0,3,A
54,1,1,1,22979.0,0,691,29,115,16,17,19,20,21,22,10,3,3,2,2,A
73,2,0,1,64950.0,1,716,29,966,819,0,72,12,0,63,25,2,11,2,10,C
39,1,1,1,44322.0,0,43,30,92,46,0,40,3,0,3,8,2,3,0,3,A
41,1,1,1,30096.0,0,68,30,45,5,3,11,12,5,9,6,1,2,0,3,A
41,1,1,1,30096.0,0,68,30,45,5,3,11,12,5,9,6,1,2,0,3,A
70,0,0,1,42607.0,0,254,30,350,156,29,56,30,32,47,14,2,3,2,7,C
49,1,1,1,43057.0,0,272,30,266,213,2,44,0,2,5,15,4,4,2,5,A
49,2,1,1,47808.0,1,282,30,224,123,1,26,2,0,72,10,2,3,2,3,A
37,1,0,1,29236.0,0,294,30,99,37,4,24,16,9,9,9,2,4,0,3,A
55,1,3,2,40590.0,1,300,30,258,154,0,50,6,11,37,15,5,3,4,3,B
55,1,3,2,40590.0,1,300,30,258,154,0,50,6,11,37,15,5,3,4,3,B
65,2,1,1,77520.0,3,335,30,1526,940,44,396,0,88,58,23,1,8,7,7,D
43,1,1,2,40211.0,1,364,30,87,51,1,7,2,1,25,7,2,2,1,2,B
51,2,1,2,63516.0,0,388,30,300,141,11,114,15,14,5,16,4,4,1,7,B
50,1,2,2,53034.0,0,425,30,447,160,15,196,15,11,50,22,8,6,1,7,C
49,2,1,1,22669.0,0,433,30,173,16,14,36,37,22,48,10,3,4,1,2,A
58,1,0,2,37070.0,0,496,30,433,231,7,137,4,15,39,23,9,5,1,8,C
58,1,0,2,37070.0,0,496,30,433,231,7,137,4,15,39,23,9,5,1,8,C
58,2,1,2,38179.0,0,502,30,90,38,4,22,4,2,20,11,4,3,1,3,B
41,1,1,1,39922.0,0,530,30,156,29,12,59,19,1,36,9,2,3,0,4,A
41,1,1,1,39922.0,0,530,30,156,29,12,59,19,1,36,9,2,3,0,4,A
41,1,1,1,39922.0,0,530,30,156,29,12,59,19,1,36,9,2,3,0,4,A
49,0,0,2,41658.0,0,627,30,72,8,4,12,15,4,29,6,2,1,1,2,B
48,1,2,1,40780.0,0,689,30,377,229,27,71,13,3,34,17,4,7,1,5,C
39,1,0,1,66503.0,0,714,30,401,91,64,128,65,3,50,15,2,4,3,6,C
60,2,1,2,31686.0,0,54,31,17,11,0,5,0,0,1,6,2,1,0,3,B
48,1,1,1,71322.0,0,88,31,350,121,24,124,24,15,42,13,1,4,1,7,C
36,1,0,1,27938.0,0,92,31,29,13,0,8,2,1,5,6,1,1,0,4,A
73,1,2,2,22263.0,0,121,31,21,17,0,2,0,0,2,6,2,1,0,3,B
68,1,1,3,34633.0,0,187,31,15,8,1,5,0,0,1,4,1,1,0,2,B
43,1,1,1,42162.0,1,252,31,145,46,7,59,2,4,27,9,2,3,1,3,A
46,1,3,2,54162.0,0,498,31,42,5,6,10,6,5,10,5,1,1,0,3,B
69,0,2,1,41769.0,0,531,31,521,302,29,131,32,0,27,22,6,8,1,7,C
43,2,1,0,44953.0,1,585,31,1021,728,17,133,11,8,124,24,1,7,3,13,C
46,2,1,1,37717.0,0,613,31,25,9,0,6,4,1,5,4,1,1,0,2,A
46,2,1,1,37717.0,0,613,31,25,9,0,6,4,1,5,4,1,1,0,2,A
54,1,1,1,40548.0,1,657,31,120,110,0,5,2,0,3,9,2,2,1,4,A
49,0,2,1,67893.0,0,666,31,995,711,28,142,49,18,47,16,2,3,2,9,C
48,0,2,1,9548.0,0,720,31,29,0,1,3,10,6,9,6,2,1,0,3,A
45,1,0,1,48526.0,0,217,32,135,23,17,23,43,20,9,8,1,2,1,4,A
43,0,1,1,19414.0,0,286,32,32,2,3,12,3,5,7,5,1,1,0,3,A
66,2,0,1,79761.0,0,298,32,605,415,5,124,15,35,11,19,1,5,2,11,C
73,2,1,0,53312.0,0,354,32,278,241,0,12,0,0,25,12,1,5,1,5,B
41,2,1,0,50150.0,0,404,32,410,135,46,92,65,61,11,16,2,5,2,7,D
41,2,1,0,50150.0,0,404,32,410,135,46,92,65,61,11,16,2,5,2,7,D
53,1,0,1,10245.0,0,440,32,41,4,7,7,6,4,13,8,3,1,2,2,A
39,2,1,1,33454.0,0,447,32,169,76,10,56,3,1,23,10,2,4,0,4,A
72,1,0,2,40887.0,0,449,32,161,50,4,44,10,10,43,10,3,3,1,3,B
41,1,1,1,37292.0,0,467,32,460,275,0,86,10,23,66,19,5,6,3,5,C
52,0,1,1,24884.0,0,607,32,19,3,6,7,0,0,3,4,1,0,0,3,A
64,1,1,1,51651.0,0,629,32,433,293,6,23,13,6,92,17,4,6,2,5,C
61,2,1,3,33562.0,0,34,33,51,21,12,12,0,3,3,9,3,2,0,4,B
57,1,0,2,79146.0,0,96,33,564,245,16,223,21,43,16,19,2,8,1,8,C
57,1,0,2,79146.0,0,96,33,564,245,16,223,21,43,16,19,2,8,1,8,C
43,2,0,1,36143.0,0,121,33,19,12,0,1,0,0,6,4,1,0,1,2,A
51,2,1,2,27159.0,0,122,33,21,17,0,3,0,0,1,6,2,1,0,3,B
64,2,1,3,41275.0,0,127,33,61,24,4,22,0,2,9,11,4,3,1,3,B
59,0,1,0,76800.0,0,143,33,641,173,26,255,35,71,81,16,1,4,4,7,D
73,1,1,2,30833.0,0,378,33,28,11,0,7,3,1,6,6,2,1,0,3,B
75,2,0,2,26518.0,0,477,33,57,20,1,28,3,3,2,8,3,2,0,3,B
62,2,0,0,45183.0,1,555,33,315,219,3,60,12,9,12,13,1,4,1,7,A
74,1,1,1,48070.0,0,562,33,504,373,14,83,6,9,19,19,3,8,2,6,C
53,1,3,2,30372.0,0,581,33,44,15,0,12,7,3,7,8,3,2,0,3,B
53,1,3,2,30372.0,0,581,33,44,15,0,12,7,3,7,8,3,2,0,3,B
49,0,1,1,57036.0,1,595,33,1513,1171,43,219,19,14,47,26,4,6,3,13,D
54,2,2,1,35682.0,0,32,34,57,23,0,8,6,2,18,6,1,1,1,3,A
35,2,2,0,10979.0,0,68,34,30,8,4,10,2,2,4,8,2,3,0,3,A
35,2,2,0,10979.0,0,68,34,30,8,4,10,2,2,4,8,2,3,0,3,A
59,2,2,1,57912.0,1,134,34,916,801,0,80,0,0,35,28,5,8,3,12,C
52,1,1,3,36026.0,0,135,34,61,20,4,10,6,4,17,7,2,2,0,3,B
53,1,1,2,35788.0,0,187,34,44,23,2,11,3,1,4,7,2,2,0,3,B
65,1,1,2,42243.0,0,230,34,55,48,0,2,0,0,5,7,2,2,0,3,B
68,1,2,1,46086.0,0,268,34,343,244,8,32,7,2,50,16,4,3,1,8,C
53,2,0,2,33316.0,0,298,34,131,79,1,31,4,4,12,10,3,2,1,4,B
53,2,0,2,33316.0,0,298,34,131,79,1,31,4,4,12,10,3,2,1,4,B
37,0,0,1,21063.0,0,307,34,59,1,10,11,19,3,15,7,2,2,0,3,A
54,1,0,1,33697.0,1,317,34,28,4,3,7,0,3,11,4,1,1,0,2,A
46,0,1,1,25804.0,0,331,34,55,8,7,9,13,6,12,7,2,2,0,3,A
47,1,1,1,72117.0,0,343,34,1073,707,20,171,65,60,50,26,1,9,7,9,D
58,1,1,1,61286.0,0,361,34,608,356,0,107,19,9,117,18,2,7,1,8,C
58,1,1,1,61286.0,0,361,34,608,356,0,107,19,9,117,18,2,7,1,8,C
53,1,2,1,55635.0,0,623,34,590,235,65,164,50,49,27,21,4,7,3,7,D
43,2,1,1,42021.0,1,697,34,573,393,5,136,7,5,27,22,5,10,1,6,C
56,1,1,3,35322.0,0,706,34,106,28,9,37,12,7,13,9,3,2,0,4,B
55,2,1,1,53374.0,1,712,34,1064,896,10,101,13,10,34,21,6,4,2,9,C
43,0,0,2,42395.0,0,116,35,182,48,13,57,24,15,25,12,4,3,1,4,A
55,2,1,2,44602.0,0,164,35,292,167,2,89,0,0,34,17,6,6,1,4,B
41,1,1,1,28359.0,0,275,35,16,6,0,5,2,1,2,4,1,1,0,2,A
49,1,0,2,55801.0,1,310,35,527,367,4,51,6,4,95,21,6,7,2,6,C
56,1,1,1,56534.0,2,371,35,815,691,7,61,10,0,46,25,4,10,4,7,C
44,1,1,2,44964.0,0,590,35,41,19,1,17,2,0,2,5,1,1,0,3,B
50,2,0,1,30899.0,0,654,35,33,24,0,8,0,0,1,6,2,1,0,3,A
37,1,1,1,25545.0,0,689,35,210,32,1,64,16,12,85,10,3,2,2,3,A
69,2,0,0,49667.0,1,708,35,1396,1181,26,120,17,13,39,22,2,5,10,5,C
77,2,1,0,66000.0,0,100,36,711,244,51,270,101,0,45,10,1,1,3,5,D
60,2,1,2,46910.0,0,128,36,68,48,0,14,0,0,6,7,2,2,0,3,B
52,0,1,1,25224.0,0,135,36,46,4,9,12,11,2,8,7,2,1,1,3,A
57,2,2,1,28420.0,0,217,36,13,4,2,5,2,0,0,4,1,1,0,2,A
47,1,2,1,32952.0,0,240,36,55,38,0,12,3,1,1,6,1,2,0,3,A
49,1,1,1,46149.0,0,242,36,362,254,6,71,4,0,27,18,5,5,1,7,C
65,1,1,0,35701.0,0,497,36,46,21,1,9,7,3,5,5,1,1,0,3,A
38,1,1,1,22518.0,1,645,36,61,11,7,12,2,2,27,7,2,2,1,2,A
48,1,1,2,59809.0,0,649,36,877,598,16,141,32,41,49,15,3,3,3,6,C
42,1,0,1,39660.0,0,720,36,299,139,13,78,20,13,36,14,3,7,1,3,A
51,2,0,2,35860.0,1,71,37,49,15,0,8,4,2,20,6,2,1,1,2,B
51,2,2,2,35860.0,1,71,37,49,15,0,8,4,2,20,6,2,1,1,2,B
51,2,2,2,35860.0,1,71,37,49,15,0,8,4,2,20,6,2,1,1,2,B
51,2,2,2,35860.0,1,71,37,49,15,0,8,4,2,20,6,2,1,1,2,B
74,2,3,0,76842.0,0,87,37,1130,605,10,345,84,54,32,17,1,1,8,7,D
73,1,0,0,15033.0,0,104,37,19,0,4,5,6,0,4,5,1,1,0,3,A
54,2,1,1,67353.0,0,210,37,913,702,17,151,0,8,35,28,5,5,6,12,C
49,0,1,1,17003.0,0,232,37,38,2,5,12,4,8,7,9,3,2,0,4,A
59,2,1,2,65735.0,0,234,37,395,239,7,119,4,15,11,19,5,6,2,6,C
53,1,3,1,45684.0,0,239,37,28,5,1,5,10,0,7,4,1,1,0,2,A
55,1,1,1,21918.0,0,257,37,33,1,6,7,11,5,3,7,2,2,0,3,A
46,1,1,2,51267.0,0,273,37,270,183,2,64,7,2,12,15,4,3,3,5,B
33,1,1,0,51373.0,0,402,37,393,83,2,101,64,26,117,12,1,3,5,3,C
66,2,1,1,46692.0,0,418,37,397,170,6,97,24,12,88,15,3,6,1,5,C
74,2,1,3,54432.0,0,446,37,38,33,0,5,0,0,0,5,1,1,0,3,B
52,1,2,2,51813.0,0,474,37,63,51,2,7,0,1,2,7,2,2,0,3,B
35,0,1,1,17487.0,0,498,37,18,0,0,1,7,4,6,4,1,1,0,2,A
56,2,1,3,40706.0,0,558,37,81,59,0,11,4,2,5,11,4,3,0,4,B
55,1,3,1,43638.0,0,722,37,201,63,10,83,7,19,19,11,2,4,1,4,B
68,1,1,1,58116.0,0,107,38,443,228,19,130,4,11,51,16,2,3,3,8,C
55,2,3,1,62187.0,0,129,38,636,512,0,83,0,0,41,21,3,6,2,10,C
70,1,0,2,46344.0,0,143,38,27,11,1,6,2,1,6,6,2,1,1,2,B
58,2,0,0,69759.0,0,274,38,1029,452,20,514,13,30,0,18,3,4,6,5,D
38,1,2,1,21846.0,0,280,38,84,7,17,18,6,10,26,11,4,4,0,3,A
42,2,1,1,27590.0,0,462,38,12,6,0,5,0,0,1,4,1,1,0,2,A
51,1,1,2,51148.0,0,526,38,315,235,6,45,8,9,12,16,4,5,1,6,B
61,1,2,2,33378.0,0,538,38,99,33,6,40,3,7,10,9,3,2,0,4,B
51,2,1,1,32644.0,1,559,38,413,239,3,141,0,7,23,18,4,7,1,6,C
55,2,1,2,33581.0,0,567,38,17,11,0,5,0,0,1,4,1,1,0,2,B
46,0,1,0,12393.0,0,602,38,57,5,6,15,11,7,13,6,1,2,0,3,A
40,2,0,1,42710.0,0,608,38,406,252,3,42,4,3,102,14,2,4,5,3,C
69,2,1,2,22554.0,0,633,38,41,27,0,10,0,0,4,10,4,2,0,4,B
37,1,1,0,17323.0,0,657,38,46,3,14,17,6,1,5,5,1,1,0,3,A
68,2,3,1,78028.0,2,687,38,528,158,19,288,25,0,38,20,1,6,4,9,C
62,1,2,1,63887.0,0,689,38,1245,897,23,207,15,11,92,32,5,9,6,12,C
59,2,1,0,32727.0,0,700,38,529,167,13,180,86,13,70,17,2,7,3,5,C
39,1,1,1,29103.0,0,701,38,48,16,0,17,6,3,6,6,2,1,0,3,A
59,1,1,0,61482.0,0,32,39,299,48,58,68,16,66,43,12,1,3,2,6,C
54,1,0,1,20587.0,0,79,39,25,2,3,6,4,1,9,5,1,1,1,2,A
54,1,0,1,20587.0,0,79,39,25,2,3,6,4,1,9,5,1,1,1,2,A
48,2,1,2,52190.0,1,82,39,77,42,0,17,0,0,18,9,3,2,1,3,B
50,1,1,1,48186.0,0,131,39,219,97,3,66,12,7,34,12,3,4,1,4,A
56,1,1,1,19329.0,0,227,39,60,24,1,16,12,2,5,10,3,4,0,3,A
53,2,1,1,34109.0,0,265,39,22,9,1,5,2,1,4,4,1,0,0,3,A
38,1,1,1,23477.0,0,281,39,147,38,15,54,3,8,29,10,3,3,0,4,A
58,2,1,2,47472.0,0,316,39,75,56,0,11,0,0,8,8,2,2,0,4,B
48,2,2,1,14849.0,0,392,39,65,21,2,28,3,2,9,9,3,2,0,4,A
46,0,1,1,26224.0,0,420,39,63,4,7,15,13,9,15,9,3,2,1,3,A
62,2,0,2,27238.0,0,465,39,57,37,0,17,0,0,3,9,3,3,0,3,B
62,1,0,1,57967.0,0,513,39,468,229,7,137,4,0,91,19,5,4,2,8,C
75,2,3,1,51569.0,1,532,39,467,380,0,47,6,0,34,19,4,7,1,7,C
70,2,1,2,72550.0,0,628,39,1319,826,50,317,50,38,38,28,9,5,2,12,D
54,2,1,1,44511.0,0,655,39,727,513,7,133,46,14,14,26,6,8,4,8,C
35,2,1,0,77845.0,2,74,40,1346,760,40,480,0,40,26,21,1,3,5,12,D
49,2,1,1,36663.0,0,95,40,35,18,0,6,3,3,5,6,1,1,1,3,A
48,2,1,2,53204.0,0,131,40,45,29,0,8,2,0,6,5,1,1,0,3,B
42,2,1,1,21059.0,0,203,40,44,8,3,19,3,3,8,9,3,3,0,3,A
71,2,1,1,67087.0,0,224,40,794,329,35,222,130,35,43,22,2,7,5,8,D
32,1,1,0,75114.0,0,264,40,1253,571,12,523,63,60,24,19,1,3,10,5,D
76,1,1,0,42192.0,0,326,40,100,40,15,15,17,6,7,7,1,2,1,3,A
64,1,1,2,31454.0,0,388,40,48,28,0,11,0,0,9,8,3,2,0,3,B
46,1,1,1,22775.0,0,405,40,15,5,1,8,0,0,1,4,1,1,0,2,A
46,1,1,1,22775.0,0,405,40,15,5,1,8,0,0,1,4,1,1,0,2,A
52,1,1,1,31590.0,0,406,40,38,6,2,15,6,6,3,5,1,1,0,3,A
52,1,1,1,80134.0,3,435,40,1690,1218,16,272,104,0,80,16,2,5,3,6,D
52,1,1,1,80134.0,3,435,40,1690,1218,16,272,104,0,80,16,2,5,3,6,D
52,0,1,0,14188.0,0,516,40,75,2,7,11,16,12,27,7,1,2,0,4,A
39,2,1,1,18169.0,0,525,40,21,9,0,5,0,0,7,4,1,1,0,2,A
68,1,1,1,62503.0,0,526,40,973,478,0,193,110,75,117,26,4,8,3,11,D
70,1,1,1,46734.0,0,618,40,330,110,5,137,26,23,29,14,2,6,1,5,C
70,2,1,2,52869.0,0,652,40,172,84,3,61,2,1,21,11,3,3,1,4,B
38,1,0,1,26576.0,1,654,40,27,10,0,8,0,0,9,4,1,1,0,2,A
74,1,1,1,57045.0,0,689,40,454,296,13,104,11,13,17,18,3,4,2,9,C
49,0,1,2,34984.0,0,691,40,38,8,4,15,3,5,3,6,2,1,0,3,B
51,1,1,1,27803.0,0,702,40,176,8,26,46,38,9,49,9,2,3,0,4,A
49,2,1,1,69283.0,0,45,41,904,674,62,134,0,26,8,27,4,7,3,13,C
32,0,0,1,18746.0,0,61,41,64,2,10,11,12,9,20,8,2,3,0,3,A
51,0,1,1,69401.0,0,128,41,690,399,27,159,58,8,39,17,4,4,4,5,C
46,2,1,0,85738.0,2,187,41,1371,913,26,376,17,26,13,21,1,3,6,11,D
38,2,1,1,27161.0,0,274,41,52,7,4,23,7,0,11,5,1,1,0,3,A
63,2,2,1,64325.0,0,537,41,1307,731,60,353,78,12,73,23,5,10,3,5,D
51,0,1,1,18978.0,0,595,41,37,2,8,1,4,7,15,5,1,1,0,3,A
47,1,1,1,41124.0,0,636,41,506,281,7,84,15,0,119,21,7,7,3,4,C
40,2,0,1,39684.0,0,655,41,81,19,0,35,6,4,17,7,2,2,1,2,A
42,1,1,0,37040.0,0,720,41,316,86,2,73,69,38,48,12,1,4,2,5,A
47,2,1,1,78710.0,0,67,42,1092,721,0,152,119,50,50,28,3,7,6,12,D
48,1,1,2,36283.0,0,106,42,29,6,5,5,8,0,5,6,2,1,0,3,B
50,2,1,0,79632.0,0,112,42,1113,471,0,510,99,21,12,20,1,6,4,9,D
46,1,1,1,28587.0,0,167,42,78,22,4,17,12,10,13,9,3,2,0,4,A
66,2,1,1,51412.0,0,210,42,195,140,3,29,4,5,14,11,2,3,2,4,B
46,0,0,1,38593.0,0,319,42,177,51,12,49,17,24,24,11,3,4,1,3,A
47,2,1,1,27889.0,0,389,42,26,14,0,4,0,0,8,5,1,1,1,2,A
44,0,0,1,45889.0,0,392,42,46,31,0,6,0,1,8,5,1,1,0,3,A
57,2,1,2,56575.0,0,450,42,542,421,5,90,0,16,10,20,3,7,3,7,C
45,0,0,2,16014.0,0,499,42,38,3,9,4,7,8,7,10,4,1,1,4,A
66,2,0,2,61331.0,0,506,42,632,534,5,47,0,5,41,23,5,11,1,6,C
48,2,0,0,70893.0,0,538,42,1508,768,44,561,77,44,14,23,1,6,6,10,D
67,1,0,0,64849.0,0,623,42,1336,652,48,350,94,84,108,19,1,9,3,6,D
39,1,1,1,54006.0,0,679,42,581,174,77,203,6,24,97,18,2,8,1,7,C
46,1,1,1,16531.0,0,41,43,44,2,13,6,7,5,11,9,3,3,0,3,A
58,2,1,2,30843.0,1,64,43,35,24,0,2,0,0,9,6,2,1,1,2,B
40,2,1,1,18988.0,0,67,43,16,6,0,6,2,1,1,6,2,1,0,3,A
59,2,1,0,81051.0,2,67,43,1501,1142,29,249,38,29,14,23,1,5,5,12,D
36,1,0,1,39747.0,0,107,43,273,80,15,93,20,13,52,13,3,5,1,4,A
65,2,0,1,34554.0,0,121,43,55,41,1,6,2,0,5,7,2,2,0,3,B
65,2,1,2,52854.0,0,127,43,116,105,0,10,0,1,0,9,2,2,1,4,B
50,2,1,1,65352.0,0,342,43,405,284,3,84,4,7,23,16,2,4,2,8,C
52,1,1,1,22063.0,0,355,43,55,7,10,13,3,11,11,7,2,2,0,3,A
45,1,0,1,47691.0,0,389,43,21,14,0,3,0,0,4,4,1,1,0,2,A
56,2,1,1,29187.0,0,446,43,34,26,0,6,0,0,2,5,1,1,0,3,A
54,1,2,1,33986.0,0,502,43,44,16,2,18,2,1,5,5,1,1,0,3,A
38,2,1,1,42386.0,0,562,43,100,65,4,16,0,4,11,7,1,3,0,3,A
38,2,1,1,42386.0,0,562,43,100,65,4,16,0,4,11,7,1,3,0,3,A
71,2,2,2,36957.0,0,691,43,152,100,2,16,2,1,31,11,4,3,2,2,B
36,0,1,1,13724.0,1,697,43,58,2,7,5,2,15,27,5,1,2,0,2,A
57,1,1,1,42664.0,0,133,44,24,21,0,3,0,0,0,5,1,1,0,3,A
66,2,1,2,37334.0,0,153,44,62,26,1,16,2,2,15,11,4,3,0,4,B
68,0,1,1,58821.0,0,290,44,728,513,14,154,19,0,28,21,1,9,2,9,C
71,1,1,0,58398.0,0,441,44,596,299,5,201,21,21,49,20,3,5,4,8,C
44,2,1,1,30732.0,0,570,44,185,155,1,25,0,1,3,13,4,4,1,4,A
76,1,1,0,51315.0,0,156,45,222,68,28,39,16,30,41,10,1,2,2,5,C
58,1,0,2,43602.0,0,200,45,68,19,5,12,10,3,19,9,3,3,1,2,B
46,1,0,2,38643.0,0,242,45,49,22,2,14,0,1,10,7,2,2,0,3,B
73,1,0,1,49090.0,0,375,45,688,494,5,82,7,0,100,21,3,7,2,9,C
54,2,1,1,67536.0,1,433,45,1829,1253,0,447,23,71,35,30,3,11,5,11,D
49,1,1,1,27573.0,0,491,45,244,50,15,110,39,15,15,14,4,5,1,4,A
45,0,2,1,13533.0,0,506,45,48,12,3,8,8,0,17,7,2,2,0,3,A
71,1,1,1,50725.0,0,531,45,586,443,10,75,0,10,48,21,4,8,1,8,C
46,1,1,1,25851.0,0,533,45,48,9,4,18,7,5,5,7,2,2,0,3,A
46,1,1,2,57113.0,0,538,45,263,182,4,33,0,2,42,16,6,4,1,5,B
42,1,0,0,68627.0,0,563,45,825,395,15,263,60,54,38,12,1,2,3,6,D
41,1,1,1,25271.0,0,601,45,50,10,1,18,10,4,7,5,1,1,1,2,A
58,1,0,1,63810.0,1,625,45,1371,977,12,253,16,12,101,23,4,4,3,12,C
58,1,0,1,63810.0,1,625,45,1371,977,12,253,16,12,101,23,4,4,3,12,C
66,2,1,0,65488.0,0,46,46,963,603,45,207,36,18,54,14,1,3,4,6,D
69,2,0,2,36927.0,0,57,46,71,51,0,16,0,0,4,8,2,3,0,3,B
47,1,1,2,22108.0,0,82,46,31,5,3,9,6,2,6,7,2,2,0,3,A
49,1,1,1,33183.0,0,155,46,120,7,5,39,17,15,37,9,2,4,0,3,A
42,2,1,1,23661.0,0,237,46,23,18,0,4,0,0,1,5,1,1,0,3,A
47,0,1,1,25315.0,0,264,46,54,1,9,8,11,3,22,9,3,3,0,3,A
63,1,0,0,45938.0,0,268,46,636,273,11,178,62,83,29,20,2,8,4,6,D
50,2,1,1,43018.0,0,270,46,133,35,4,17,7,6,64,7,1,2,2,2,A
35,2,0,0,33996.0,0,321,46,71,40,2,15,8,0,6,6,1,1,1,3,A
35,2,0,0,33996.0,0,321,46,71,40,2,15,8,0,6,6,1,1,1,3,A
54,1,2,1,54137.0,0,347,46,203,171,0,11,0,1,20,11,2,4,1,4,B
56,2,2,2,69674.0,0,433,46,845,554,41,215,11,0,24,25,3,10,2,10,C
52,2,0,1,49494.0,0,460,46,385,191,9,97,0,6,82,14,2,6,1,5,C
62,1,1,2,51195.0,0,484,46,564,230,14,156,82,24,58,24,8,9,2,5,C
49,0,1,2,37284.0,0,487,46,23,11,1,2,2,1,6,4,1,0,0,3,B
49,0,1,2,37284.0,0,487,46,23,11,1,2,2,1,6,4,1,0,0,3,B
46,1,1,1,42011.0,0,490,46,189,131,0,16,2,1,39,12,4,3,1,4,A
52,1,1,1,46053.0,0,527,46,209,56,10,92,19,7,25,12,3,3,2,4,A
43,0,1,1,24480.0,0,533,46,102,4,19,9,28,25,17,10,3,3,0,4,A
70,1,0,1,36130.0,1,542,46,488,157,43,127,68,56,37,21,6,3,8,4,D
49,2,1,1,56559.0,0,581,46,484,226,22,133,41,31,31,18,3,4,3,8,C
44,1,1,1,44010.0,0,654,46,662,186,36,234,86,72,48,24,6,10,2,6,D
44,1,1,2,50183.0,0,34,47,231,97,12,84,13,10,15,17,7,3,1,6,B
48,2,1,1,37395.0,0,88,47,39,18,0,9,0,1,11,5,1,1,0,3,A
56,2,1,2,29543.0,0,119,47,63,17,3,18,3,4,18,8,2,3,1,2,B
56,1,1,2,19514.0,1,184,47,69,14,3,21,2,1,28,10,4,3,1,2,B
56,1,1,2,19514.0,1,184,47,69,14,3,21,2,1,28,10,4,3,1,2,B
49,1,1,1,59481.0,0,279,47,461,178,3,85,71,66,58,16,2,3,3,8,C
52,2,1,0,59973.0,0,321,47,382,130,30,168,20,34,0,15,1,3,4,7,C
50,2,0,1,68352.0,0,335,47,871,614,16,132,43,33,33,25,3,8,5,9,C
58,0,1,0,22634.0,0,559,47,96,2,23,11,8,6,46,6,1,2,1,2,A
58,0,1,0,22634.0,0,559,47,96,2,23,11,8,6,46,6,1,2,1,2,A
49,1,1,1,23957.0,0,639,47,68,2,1,18,20,11,16,6,1,2,0,3,A
51,1,1,1,33471.0,0,655,47,93,43,2,27,0,9,12,10,3,3,0,4,A
74,2,1,1,52157.0,0,52,48,265,189,2,29,3,2,40,12,2,3,2,5,B
39,2,0,0,30298.0,0,71,48,28,6,3,12,6,1,0,6,1,1,1,3,A
74,2,3,2,56551.0,0,83,48,138,67,4,32,17,2,16,10,3,2,1,4,B
74,2,3,2,56551.0,0,83,48,138,67,4,32,17,2,16,10,3,2,1,4,B
72,1,0,2,44213.0,0,242,48,152,95,11,35,0,4,7,12,4,2,1,5,B
50,2,1,1,40344.0,0,289,48,218,210,0,6,0,0,2,12,2,4,1,5,A
46,1,1,1,57867.0,0,301,48,612,344,35,178,15,23,17,25,7,7,2,9,C
51,1,1,1,25410.0,0,332,48,38,2,2,4,13,13,4,6,1,1,0,4,A
54,1,1,2,13260.0,0,340,48,49,9,4,17,10,2,7,10,4,3,0,3,B
33,1,1,0,42691.0,0,347,48,358,179,2,64,38,17,58,13,1,5,1,6,A
54,2,1,2,36138.0,1,378,48,151,130,0,16,0,0,5,13,5,3,1,4,B
69,1,3,2,58275.0,0,422,48,615,189,10,253,56,43,64,23,6,8,2,7,C
67,2,2,1,54237.0,0,458,48,361,267,3,30,4,0,57,16,4,5,2,5,C
50,2,1,1,34596.0,0,472,48,23,14,0,2,0,0,7,4,1,1,0,2,A
50,2,1,1,34596.0,0,472,48,23,14,0,2,0,0,7,4,1,1,0,2,A
63,2,1,2,74881.0,0,508,48,964,505,72,270,36,27,54,27,4,9,2,12,D
63,2,1,2,74881.0,0,508,48,964,505,72,270,36,27,54,27,4,9,2,12,D
54,1,2,2,44267.0,0,519,48,310,183,5,65,3,5,49,16,5,5,2,4,B
36,1,1,0,68487.0,0,562,48,1366,758,12,385,33,89,89,30,1,9,7,13,D
36,1,1,0,68487.0,0,562,48,1366,758,12,385,33,89,89,30,1,9,7,13,D
44,1,1,1,69508.0,0,622,48,1135,824,32,162,42,32,43,28,2,11,4,11,D
63,2,1,1,63342.0,1,651,48,1101,918,21,118,13,10,21,19,3,8,3,5,C
63,2,1,1,63342.0,1,651,48,1101,918,21,118,13,10,21,19,3,8,3,5,C
65,1,3,1,76320.0,0,37,49,932,526,35,214,69,53,35,15,2,6,3,4,D
70,1,2,2,64587.0,0,37,49,108,66,0,16,0,6,20,8,2,1,1,4,B
45,2,1,1,32765.0,0,156,49,46,13,3,17,7,3,3,8,2,2,0,4,A
49,0,1,1,22212.0,0,232,49,69,5,9,20,6,8,21,8,2,2,0,4,A
35,1,0,1,18358.0,0,251,49,57,6,8,19,16,4,4,10,3,3,0,4,A
50,1,1,1,26067.0,0,267,49,56,22,2,18,0,2,12,9,3,3,0,3,A
55,0,1,0,22390.0,0,281,49,26,0,1,4,15,1,5,4,1,1,0,2,A
46,1,0,3,60199.0,0,320,49,18,8,1,7,2,0,0,4,1,0,0,3,B
43,1,1,1,38547.0,0,335,49,22,6,1,10,0,1,4,4,1,1,0,2,A
44,1,1,1,19107.0,0,341,49,46,2,4,9,10,5,16,6,2,1,0,3,A
39,2,0,0,37929.0,2,364,49,265,202,2,46,3,2,10,13,2,4,2,5,A
74,1,0,0,16813.0,1,375,49,50,4,8,11,12,2,13,6,1,2,0,3,A
67,1,1,0,62187.0,0,389,49,1283,792,0,275,45,45,126,18,1,4,8,5,D
58,1,1,1,57811.0,1,400,49,802,545,7,114,37,21,78,25,5,7,2,11,C
68,2,1,1,50943.0,0,403,49,46,31,0,7,2,0,6,5,1,1,0,3,B
68,2,1,1,50943.0,0,403,49,46,31,0,7,2,0,6,5,1,1,0,3,B
49,1,0,2,53201.0,0,532,49,415,280,7,81,20,0,27,22,8,6,3,5,C
61,1,1,2,54414.0,0,552,49,211,109,18,16,24,26,18,13,4,3,1,5,B
52,1,1,2,26290.0,0,563,49,77,15,8,16,11,5,22,10,4,2,0,4,B
77,0,1,0,28389.0,0,616,49,28,1,5,3,7,4,8,4,1,1,0,2,A
59,2,0,1,55250.0,0,646,49,903,664,58,83,32,0,66,26,4,7,5,10,C
58,1,1,2,37758.0,0,663,49,40,27,2,10,0,0,1,6,2,1,0,3,B
58,1,1,2,37758.0,0,663,49,40,27,2,10,0,0,1,6,2,1,0,3,B
67,2,1,2,37633.0,0,677,49,38,13,4,20,0,0,1,6,2,1,0,3,B
61,2,1,2,33629.0,0,720,49,152,132,0,16,0,0,4,13,5,3,1,4,B
57,2,1,2,36947.0,0,721,49,146,88,3,21,4,1,29,11,4,3,0,4,B
72,1,2,1,69142.0,1,30,50,535,448,4,34,6,4,39,19,3,8,1,7,C
65,1,1,1,53154.0,0,50,50,158,129,0,21,0,1,7,9,1,3,1,4,B
64,2,1,1,65695.0,0,179,50,656,371,32,189,0,58,6,21,2,5,4,10,C
72,2,1,1,69805.0,0,189,50,1038,750,71,174,13,10,20,27,2,6,8,11,D
46,0,0,1,36975.0,0,213,50,33,10,6,11,0,4,2,5,1,1,0,3,A
51,1,1,1,26228.0,0,310,50,25,2,6,4,3,1,9,4,1,1,0,2,A
52,2,1,1,37787.0,0,312,50,106,40,1,40,4,3,18,7,1,3,0,3,A
50,2,1,1,37087.0,0,352,50,401,194,55,134,15,0,3,17,3,4,2,8,C
72,0,1,1,57247.0,0,355,50,232,99,4,32,37,54,6,12,2,2,1,7,B
70,2,1,1,36930.0,0,438,50,297,223,2,31,0,2,39,16,5,5,2,4,B
61,2,2,2,48721.0,0,442,50,293,81,18,113,47,13,21,17,6,4,2,5,B
55,2,1,2,43641.0,0,463,50,139,57,2,51,4,2,23,10,3,2,1,4,B
48,2,1,2,16927.0,0,534,50,53,20,2,23,3,1,4,12,5,3,0,4,B
63,1,2,3,27215.0,0,552,50,102,30,5,22,8,9,28,11,4,2,1,4,B
61,1,0,0,30983.0,0,627,50,167,51,4,50,12,1,49,8,1,4,0,3,A
72,1,1,2,43462.0,0,685,50,240,90,17,97,15,6,15,16,6,4,1,5,B
38,1,0,0,26816.0,0,711,50,22,5,1,6,3,4,3,4,1,0,0,3,A
58,2,1,1,33564.0,0,35,51,71,61,0,3,0,0,7,6,1,1,1,3,A
71,2,1,2,54348.0,0,51,51,90,70,0,16,0,0,4,8,2,2,0,4,B
65,1,1,1,54984.0,1,66,51,358,173,13,131,32,3,6,17,4,6,1,6,C
40,1,0,1,34738.0,0,79,51,20,3,2,10,3,0,2,5,1,1,0,3,A
51,1,1,1,22682.0,0,299,51,95,10,14,29,4,2,36,10,3,2,1,4,A
49,1,1,1,51948.0,0,315,51,311,82,33,54,71,30,41,13,2,5,2,4,C
55,1,1,1,25293.0,0,317,51,37,15,0,11,0,2,9,5,1,1,1,2,A
55,1,1,1,25293.0,0,317,51,37,15,0,11,0,2,9,5,1,1,1,2,A
60,2,1,2,41551.0,0,349,51,279,220,0,33,3,0,23,16,5,5,1,5,B
62,2,1,1,56067.0,0,374,51,725,517,12,54,16,6,120,20,2,7,4,7,C
72,1,1,2,67433.0,1,378,51,992,615,28,259,12,48,30,28,4,6,5,13,D
41,1,1,1,22010.0,0,394,51,33,11,2,9,3,0,8,7,2,2,0,3,A
58,2,1,2,57183.0,0,497,51,610,464,5,64,7,0,70,25,8,9,1,7,C
59,1,0,0,23478.0,0,497,51,129,28,6,27,12,17,39,7,1,3,0,3,A
46,1,0,1,30168.0,0,509,51,279,154,20,66,0,12,27,18,7,6,1,4,A
35,1,1,1,37155.0,0,544,51,74,23,0,26,7,15,3,7,1,2,0,4,A
39,0,0,0,16581.0,0,563,51,24,1,3,4,2,3,11,4,1,0,0,3,A
44,1,1,2,41850.0,0,582,51,96,53,5,19,2,13,4,9,3,3,0,3,B
43,1,1,2,56386.0,0,640,51,612,230,48,214,13,32,75,25,8,9,1,7,C
53,1,2,1,25818.0,0,649,51,28,5,2,8,2,2,9,4,1,0,1,2,A
40,1,1,1,15345.0,0,697,51,47,5,2,16,3,2,19,6,2,1,1,2,A
47,2,1,2,57954.0,1,41,52,493,456,4,24,0,0,9,23,7,8,2,6,C
72,1,1,1,50300.0,0,65,52,270,143,15,60,24,23,5,13,2,2,1,8,B
69,2,1,2,38725.0,0,80,52,45,31,0,6,2,1,5,7,2,1,0,4,B
35,0,1,1,10404.0,0,86,52,43,2,2,11,10,6,12,7,2,1,0,4,A
33,0,0,1,26868.0,0,90,52,14,0,0,1,8,3,2,4,1,1,0,2,A
75,1,3,0,72298.0,2,141,52,939,625,35,169,58,17,35,14,1,4,3,6,D
48,1,0,1,47025.0,0,264,52,415,254,7,108,20,0,26,17,3,6,3,5,C
39,1,0,1,29938.0,0,275,52,26,3,3,7,0,2,11,6,2,1,0,3,A
76,2,1,2,46681.0,0,294,52,425,269,15,69,15,19,38,16,2,4,6,4,C
76,2,1,2,46681.0,0,294,52,425,269,15,69,15,19,38,16,2,4,6,4,C
54,2,0,1,29548.0,1,334,52,29,7,1,6,3,1,11,5,1,1,1,2,A
68,2,1,1,62058.0,0,429,52,450,301,7,74,10,0,58,18,4,6,1,7,C
61,2,0,2,36736.0,0,445,52,17,10,0,3,0,0,4,4,1,1,0,2,B
72,2,0,2,8820.0,0,494,52,35,12,0,13,4,2,4,10,4,3,0,3,B
61,0,1,1,14918.0,0,599,52,43,3,3,3,15,4,15,5,1,1,0,3,A
46,0,1,1,24882.0,1,688,52,80,1,4,10,29,0,36,5,1,1,1,2,A
46,0,1,1,24882.0,1,688,52,80,1,4,10,29,0,36,5,1,1,1,2,A
72,2,1,2,40442.0,0,709,52,169,45,12,52,25,22,13,12,4,3,1,4,B
41,2,1,1,23536.0,0,55,53,10,6,0,3,0,0,1,4,1,0,0,3,A
66,1,2,2,35246.0,0,104,53,62,36,0,12,2,2,10,11,4,3,1,3,B
46,1,1,2,28442.0,0,155,53,57,19,3,10,11,8,6,10,3,2,1,4,B
68,1,1,2,48195.0,0,189,53,265,106,27,68,52,7,5,17,6,4,2,5,B
72,2,2,2,59354.0,0,256,53,310,233,2,53,3,5,14,15,3,6,1,5,B
48,0,1,1,36301.0,0,277,53,78,11,12,35,3,5,12,7,1,3,0,3,A
81,2,0,0,77598.0,1,301,53,1735,1193,33,281,129,66,33,26,1,7,5,13,D
52,1,1,1,62710.0,0,432,53,606,441,35,83,7,29,11,22,4,4,2,12,C
59,1,1,1,36317.0,0,433,53,133,87,3,25,3,2,13,9,2,3,0,4,A
53,2,0,2,42767.0,0,444,53,131,20,6,43,19,5,38,7,1,3,1,2,B
42,2,1,1,43815.0,0,480,53,79,14,10,29,4,7,15,6,1,2,0,3,A
53,1,2,2,44421.0,0,529,53,189,110,5,59,7,1,7,14,5,5,0,4,B
74,2,2,1,63120.0,0,669,53,1477,965,69,279,54,41,69,26,5,8,4,9,D
74,2,1,2,55517.0,0,670,53,633,483,0,108,0,6,36,23,5,11,1,6,C
67,1,0,1,36864.0,0,715,53,354,204,5,39,17,0,89,14,3,5,2,4,C
66,1,2,1,79803.0,0,57,54,868,574,8,216,21,16,33,13,1,4,3,5,C
57,2,0,1,52569.0,0,115,54,95,85,0,3,0,0,7,7,1,2,0,4,B
52,1,1,1,65685.0,0,122,54,769,642,14,49,0,7,57,21,1,9,2,9,C
52,1,1,1,65685.0,0,122,54,769,642,14,49,0,7,57,21,1,9,2,9,C
67,2,1,2,40451.0,1,163,54,49,35,0,4,0,0,10,5,1,1,1,2,B
51,0,2,1,31163.0,0,166,54,38,2,3,10,11,2,10,5,1,1,0,3,A
51,0,2,1,31163.0,0,166,54,38,2,3,10,11,2,10,5,1,1,0,3,A
72,1,1,2,35704.0,0,207,54,94,30,9,12,2,11,30,9,3,2,0,4,B
51,1,0,1,7500.0,0,215,54,57,5,3,10,12,7,20,11,4,3,1,3,A
41,1,1,1,36075.0,0,232,54,119,46,0,30,12,1,30,7,1,2,0,4,A
42,2,1,0,70038.0,0,277,54,1244,587,54,348,71,54,130,17,1,4,4,8,D
42,2,1,0,70038.0,0,277,54,1244,587,54,348,71,54,130,17,1,4,4,8,D
57,0,1,2,47821.0,0,282,54,47,9,0,16,6,6,10,5,1,1,0,3,B
49,2,1,1,45503.0,0,307,54,170,97,4,44,6,1,18,9,1,3,1,4,A
46,1,0,1,28647.0,1,342,54,94,19,8,29,0,12,26,7,1,2,2,2,A
52,2,2,1,37760.0,0,352,54,54,26,3,13,2,10,0,6,1,2,0,3,A
69,0,1,0,72635.0,1,421,54,981,390,22,323,104,35,107,21,1,6,8,6,D
69,0,1,0,72635.0,1,421,54,981,390,22,323,104,35,107,21,1,6,8,6,D
46,1,1,1,53172.0,0,449,54,486,121,62,90,68,20,125,16,3,2,3,8,C
56,1,0,2,36065.0,0,485,54,74,18,7,34,10,2,3,9,3,3,0,3,B
47,1,0,1,35790.0,0,573,54,72,12,6,20,30,1,3,7,2,2,0,3,A
62,1,2,2,39552.0,0,588,54,384,165,3,147,4,24,41,20,7,6,2,5,C
60,0,1,1,68316.0,0,632,54,1211,806,80,161,120,11,33,32,5,10,7,10,D
59,2,3,2,51390.0,0,689,54,353,205,20,47,23,2,56,18,6,5,2,5,C
48,1,1,1,21675.0,0,48,55,45,4,0,16,17,4,4,10,3,4,0,3,A
59,1,1,2,48006.0,0,50,55,41,23,0,11,3,2,2,5,1,1,0,3,B
49,1,1,1,65106.0,1,66,55,973,790,19,133,12,0,19,27,3,8,3,13,C
64,1,2,1,58401.0,0,100,55,96,10,0,11,17,29,29,6,1,1,2,2,B
64,1,1,2,29315.0,0,114,55,48,13,2,14,8,7,4,10,4,2,0,4,B
73,2,0,2,49389.0,0,334,55,65,40,0,19,2,1,3,6,1,2,0,3,B
59,2,1,1,51717.0,1,343,55,122,98,1,17,0,1,5,8,1,3,0,4,B
64,0,3,2,46779.0,0,382,55,23,12,1,3,0,0,7,4,1,0,1,2,B
64,2,1,2,28520.0,0,410,55,43,11,0,10,0,2,20,5,1,1,1,2,B
61,1,0,1,34377.0,0,556,55,114,62,0,22,3,1,26,8,2,2,2,2,A
63,2,2,1,54959.0,1,556,55,1232,1148,0,60,0,0,24,21,3,9,5,4,C
68,1,0,1,46998.0,1,645,55,377,172,41,86,45,6,27,18,5,5,3,5,C
56,1,1,2,58554.0,0,671,55,586,368,24,68,38,0,88,22,6,8,2,6,C
56,1,1,2,58554.0,0,671,55,586,368,24,68,38,0,88,22,6,8,2,6,C
59,1,1,1,52117.0,0,712,55,279,112,10,107,30,0,20,13,2,5,2,4,B
52,2,1,1,62220.0,0,717,55,1226,799,12,375,16,12,12,23,5,7,6,5,C
78,2,1,3,64014.0,1,49,56,444,406,0,30,0,0,8,22,7,8,2,5,B
78,2,1,3,64014.0,1,49,56,444,406,0,30,0,0,8,22,7,8,2,5,B
69,2,2,1,46390.0,0,85,56,222,95,14,64,2,9,38,10,1,4,2,3,B
73,2,1,0,59412.0,0,101,56,406,90,67,165,30,43,11,15,1,4,2,8,D
56,2,2,1,50616.0,0,102,56,149,128,0,16,0,1,4,10,2,4,0,4,B
55,2,1,2,35924.0,0,128,56,34,8,0,14,2,3,7,5,1,1,0,3,B
40,2,1,0,73356.0,3,173,56,1512,1050,14,322,0,14,112,22,1,5,11,5,D
50,2,1,1,21255.0,0,189,56,61,29,0,25,2,2,3,11,4,2,1,4,A
50,2,1,1,58494.0,0,229,56,396,298,7,68,4,0,19,16,2,6,2,6,C
55,1,1,0,72460.0,0,257,56,1047,377,10,540,80,30,10,16,1,3,5,7,D
33,2,1,0,68682.0,0,296,56,1598,919,0,505,99,30,45,24,1,4,9,10,D
33,2,1,0,68682.0,0,296,56,1598,919,0,505,99,30,45,24,1,4,9,10,D
43,2,1,1,36959.0,0,300,56,62,25,6,25,6,0,0,7,2,2,0,3,A
53,2,1,2,46463.0,0,345,56,235,163,2,40,8,11,11,17,7,3,1,6,B
45,1,0,1,61825.0,0,356,56,424,162,50,100,55,30,27,15,1,4,2,8,C
45,1,0,1,61825.0,0,356,56,424,162,50,100,55,30,27,15,1,4,2,8,C
35,1,1,1,28691.0,0,390,56,34,5,4,13,8,0,4,5,1,1,0,3,A
35,1,1,1,28691.0,0,390,56,34,5,4,13,8,0,4,5,1,1,0,3,A
61,2,1,0,38620.0,0,444,56,318,112,17,44,34,22,89,11,1,2,5,3,C
61,2,1,0,38620.0,0,444,56,318,112,17,44,34,22,89,11,1,2,5,3,C
51,1,0,1,3502.0,0,472,56,5,2,1,1,0,0,1,0,0,0,0,0,A
67,1,1,1,47743.0,1,494,56,275,198,2,43,0,12,20,14,3,4,1,6,B
53,1,1,1,66303.0,1,518,56,1286,1090,12,96,16,12,60,22,4,3,4,11,C
40,2,0,1,31385.0,1,601,56,27,3,2,12,0,1,9,4,1,1,0,2,A
49,2,1,1,80427.0,0,685,56,1835,1149,71,449,69,71,26,28,1,11,8,8,D
75,1,1,1,38823.0,0,698,56,114,70,0,11,2,8,23,7,1,2,1,3,B
47,1,1,1,42014.0,0,711,56,436,244,15,108,4,15,50,20,6,7,1,6,C
47,1,1,1,42014.0,0,711,56,436,244,15,108,4,15,50,20,6,7,1,6,C
60,0,2,2,41713.0,0,91,57,174,77,8,44,10,10,25,13,5,3,1,4,B
70,2,1,1,62670.0,0,177,57,825,539,30,92,80,46,38,22,1,5,3,13,D
64,1,1,2,44512.0,0,333,57,32,23,1,6,0,0,2,6,2,1,0,3,B
77,2,3,1,25358.0,0,372,57,32,19,0,5,0,0,8,6,2,1,0,3,B
42,1,0,1,28567.0,0,407,57,46,11,3,22,2,2,6,7,2,2,0,3,A
46,1,1,2,66373.0,0,412,57,606,328,9,124,12,24,109,23,7,4,2,10,C
46,1,1,2,66373.0,0,412,57,606,328,9,124,12,24,109,23,7,4,2,10,C
56,2,2,2,83664.0,0,447,57,1173,866,21,151,28,21,86,19,3,2,2,12,C
73,2,1,0,27450.0,0,470,57,143,37,12,23,8,11,52,7,1,2,1,3,A
48,2,0,1,60000.0,0,584,57,1277,1048,0,217,0,0,12,24,5,11,3,5,C
72,2,1,1,61010.0,0,658,57,1021,888,0,57,0,0,76,26,2,8,5,11,C
43,1,1,1,31089.0,0,711,57,79,31,3,31,2,8,4,10,3,3,0,4,A
36,1,0,1,20518.0,0,72,58,25,4,1,6,4,1,9,5,1,1,1,2,A
76,2,1,2,34469.0,0,86,58,62,19,6,20,0,5,12,9,3,1,1,4,B
72,1,1,0,28332.0,0,90,58,65,14,10,13,4,15,9,8,1,2,1,4,A
59,1,1,2,33456.0,0,99,58,36,7,3,10,8,1,7,6,2,1,0,3,B
56,2,1,2,38443.0,0,183,58,38,32,0,5,0,0,1,6,2,1,0,3,B
51,1,0,1,65333.0,2,193,58,798,654,7,92,0,15,30,28,7,9,4,8,C
53,1,1,1,73691.0,1,265,58,1179,707,21,250,85,43,73,18,2,6,2,8,D
69,1,1,1,65748.0,0,470,58,545,172,73,93,95,78,34,18,2,2,4,10,D
42,0,0,1,24367.0,0,496,58,24,2,4,2,0,11,5,4,1,1,0,2,A
67,2,1,0,82017.0,3,629,58,729,184,23,446,30,23,23,17,1,5,4,7,D
71,2,1,2,59354.0,0,96,59,459,295,21,78,39,13,13,16,1,4,4,7,C
69,2,1,1,58482.0,1,139,59,731,576,7,115,19,7,7,22,2,7,4,9,C
48,1,1,1,29478.0,0,193,59,20,8,0,7,3,1,1,5,1,1,0,3,A
52,1,1,1,64474.0,0,280,59,823,381,35,172,56,86,93,22,2,8,2,10,D
49,2,0,1,31160.0,0,316,59,64,16,3,25,6,1,13,7,2,2,0,3,A
52,1,1,2,40321.0,0,365,59,102,44,4,21,6,0,27,8,2,3,0,3,B
52,1,1,2,40321.0,0,365,59,102,44,4,21,6,0,27,8,2,3,0,3,B
53,1,0,1,55239.0,0,380,59,779,371,17,238,23,24,106,26,3,7,5,11,C
81,2,3,0,57513.0,0,388,59,1060,735,40,183,52,20,30,27,2,9,3,13,D
48,0,1,0,7500.0,0,623,59,61,6,16,11,11,1,16,6,1,2,0,3,A
53,2,1,1,71969.0,1,651,59,1086,1000,0,76,0,0,10,19,3,3,4,9,C
47,2,1,0,28973.0,0,654,59,269,206,0,46,3,2,12,13,2,5,1,5,A
73,1,0,0,80872.0,0,78,60,1336,483,72,567,94,12,108,19,1,4,4,10,D
66,0,0,2,38741.0,0,121,60,61,7,10,17,8,6,13,7,2,2,0,3,B
51,2,1,1,38961.0,0,211,60,70,19,7,19,0,1,24,6,1,2,1,2,A
59,2,1,3,56962.0,0,291,60,411,292,3,77,10,3,26,21,7,6,3,5,B
59,2,1,3,56962.0,0,291,60,411,292,3,77,10,3,26,21,7,6,3,5,B
51,1,1,0,65308.0,2,321,60,1211,713,0,264,120,80,34,28,1,7,8,12,D
73,2,1,2,29298.0,0,325,60,11,6,0,2,2,0,1,4,1,1,0,2,B
57,2,1,2,63246.0,0,343,60,772,593,30,91,29,22,7,22,1,6,3,12,C
72,1,1,2,33402.0,0,376,60,70,26,2,19,10,5,8,9,3,2,1,3,B
75,1,3,0,72643.0,1,517,60,1429,526,80,553,123,94,53,21,1,3,10,7,D
42,2,1,1,32313.0,0,533,60,159,86,4,56,2,4,7,11,3,4,0,4,A
68,2,0,1,55284.0,0,582,60,764,547,7,140,0,7,63,23,3,7,5,8,C
45,1,2,1,15287.0,1,657,60,31,1,2,8,4,3,13,6,2,1,1,2,A
45,1,2,1,15287.0,1,657,60,31,1,2,8,4,3,13,6,2,1,1,2,A
37,2,1,0,51563.0,2,666,60,1250,1166,0,48,0,0,36,19,1,4,4,10,C
71,2,1,2,53593.0,0,721,60,480,349,4,78,6,0,43,23,8,7,2,6,C
51,2,1,1,60432.0,0,142,61,401,365,3,15,4,3,11,19,5,7,2,5,C
67,2,1,2,66726.0,1,198,61,438,349,7,35,0,0,47,17,3,8,2,4,C
65,1,0,1,62450.0,1,204,61,995,515,47,267,62,66,38,16,2,5,5,4,D
49,0,0,1,49514.0,0,224,61,369,88,39,78,58,13,93,13,2,6,1,4,C
52,2,1,1,43269.0,0,316,61,19,10,1,7,0,0,1,4,1,1,0,2,A
65,2,1,3,33762.0,0,387,61,106,53,1,34,2,0,16,9,3,2,2,2,B
58,1,1,1,60894.0,0,396,61,832,606,7,155,10,0,54,26,5,10,3,8,C
69,1,1,1,50737.0,1,444,61,99,78,0,11,0,0,10,7,1,2,0,4,B
68,1,2,3,26150.0,0,505,61,28,5,1,13,3,5,1,5,1,1,0,3,B
49,2,1,2,53253.0,0,533,61,436,216,9,57,20,9,125,19,7,4,3,5,C
50,1,1,1,40049.0,0,607,61,290,91,65,52,10,44,28,14,3,3,2,6,C
45,1,1,1,7500.0,0,699,61,18,5,2,3,3,0,5,4,1,1,0,2,A
51,0,1,2,46094.0,0,49,62,44,12,2,20,3,2,5,5,1,1,0,3,B
69,2,1,2,38452.0,0,121,62,72,56,0,14,0,0,2,9,3,3,0,3,B
69,2,1,2,38452.0,0,121,62,72,56,0,14,0,0,2,9,3,3,0,3,B
75,2,2,0,35416.0,0,411,62,390,248,3,81,4,3,51,16,3,7,1,5,C
78,2,1,1,44124.0,0,444,62,397,284,0,55,0,6,52,17,4,6,2,5,C
66,2,0,2,50729.0,0,453,62,496,239,13,143,45,4,52,24,9,6,2,7,C
34,1,0,1,34412.0,0,531,62,209,52,12,50,4,36,55,11,3,5,0,3,A
39,1,1,1,31158.0,0,548,62,72,25,6,16,20,0,5,7,2,2,0,3,A
73,1,1,2,34838.0,0,556,62,170,28,23,29,29,14,47,10,3,2,1,4,B
45,1,1,1,56775.0,0,573,62,937,614,35,160,58,35,35,25,2,5,8,10,D
75,2,3,1,54356.0,0,617,62,775,710,15,30,20,0,0,24,3,11,2,8,C
33,1,0,0,8028.0,0,679,62,178,73,18,66,7,12,2,16,15,0,1,0,A
72,2,1,1,55951.0,2,705,62,1374,1241,0,80,0,13,40,23,3,3,6,11,C
75,2,1,1,67911.0,0,68,63,976,529,0,356,63,28,0,27,3,6,7,11,D
75,2,1,1,67911.0,0,68,63,976,529,0,356,63,28,0,27,3,6,7,11,D
51,2,1,1,20427.0,0,127,63,10,5,0,4,0,0,1,4,1,1,0,2,A
54,2,0,1,32303.0,0,143,63,39,35,0,2,0,0,2,7,2,1,0,4,A
56,2,1,1,55954.0,0,148,63,518,447,0,28,0,0,43,19,3,8,2,6,C
48,2,1,1,49187.0,0,199,63,116,81,1,31,2,1,0,8,1,1,1,5,A
52,2,1,1,49854.0,0,261,63,380,123,17,171,39,0,30,18,5,6,2,5,C
46,1,2,1,63693.0,0,288,63,1150,587,43,337,42,87,54,29,3,11,6,9,D
46,1,2,1,63693.0,0,288,63,1150,587,43,337,42,87,54,29,3,11,6,9,D
39,2,1,2,19510.0,0,328,63,30,9,0,7,3,4,7,6,2,1,0,3,A
65,1,2,0,52332.0,1,335,63,259,212,5,33,7,0,2,12,1,3,2,6,A
51,1,1,1,55593.0,1,342,63,546,293,8,124,11,4,106,17,2,6,6,3,C
75,1,1,1,54591.0,0,358,63,519,376,4,94,12,9,24,19,3,6,2,8,C
53,1,2,2,40851.0,0,523,63,59,23,1,7,0,4,24,5,1,1,1,2,B
75,2,1,1,58607.0,1,583,63,972,867,0,86,0,0,19,17,3,2,3,9,C
32,0,0,1,7500.0,0,603,63,119,10,17,18,8,26,40,11,4,3,2,2,A
49,2,0,1,52614.0,0,605,63,990,789,0,142,12,9,38,16,2,2,4,8,C
49,2,0,1,52614.0,0,605,63,990,789,0,142,12,9,38,16,2,2,4,8,C
50,1,1,1,67445.0,0,716,63,1174,757,80,217,29,80,11,32,5,9,6,12,D
50,1,1,1,67445.0,0,716,63,1174,757,80,217,29,80,11,32,5,9,6,12,D
50,1,1,1,67445.0,0,716,63,1174,757,80,217,29,80,11,32,5,9,6,12,D
56,2,1,2,36778.0,0,723,63,77,29,4,34,2,4,4,9,3,3,0,3,B
41,1,1,1,39453.0,0,117,64,55,46,0,7,0,0,2,7,2,2,0,3,A
55,2,1,1,42731.0,0,281,64,244,159,2,51,6,2,24,13,3,4,1,5,B
59,2,0,1,40760.0,0,333,64,93,70,0,17,0,0,6,8,2,2,1,3,B
59,2,1,0,69969.0,2,336,64,1536,882,29,514,38,29,44,13,1,4,2,6,D
49,2,1,1,54730.0,0,348,64,405,318,3,17,4,7,56,18,5,4,1,8,C
53,2,2,2,42835.0,0,394,64,595,379,4,93,12,9,98,23,7,6,6,4,C
59,2,1,1,53843.0,0,397,64,562,378,0,88,19,4,73,20,4,8,5,3,C
41,2,1,1,27100.0,0,480,64,37,12,0,13,2,0,10,5,1,1,0,3,A
41,2,1,1,27100.0,0,480,64,37,12,0,13,2,0,10,5,1,1,0,3,A
65,1,0,2,50664.0,0,559,64,561,313,8,104,6,4,126,24,9,8,1,6,C
45,0,0,1,20194.0,0,589,64,47,0,4,7,11,10,15,7,2,2,0,3,A
50,2,1,2,45207.0,1,626,64,215,203,0,10,0,0,2,15,5,3,1,6,B
52,1,1,2,56721.0,0,636,64,296,157,6,39,6,13,75,15,5,4,1,5,C
58,1,3,0,27038.0,0,679,64,107,1,26,25,17,23,15,7,1,3,0,3,A
47,1,0,1,23763.0,0,721,64,42,22,0,6,6,2,6,5,1,1,0,3,A
49,1,1,2,37085.0,0,33,65,61,39,1,16,2,0,3,10,4,3,0,3,B
58,2,1,0,49605.0,0,38,65,127,42,16,29,12,20,8,8,1,2,1,4,A
53,1,2,0,1730.0,0,72,65,8,1,1,3,1,1,1,15,15,0,0,0,A
29,1,0,0,34824.0,0,125,65,23,4,2,11,2,0,4,4,1,1,0,2,A
29,1,0,0,34824.0,0,125,65,23,4,2,11,2,0,4,4,1,1,0,2,A
50,2,1,0,63206.0,1,131,65,928,750,8,125,11,8,26,14,1,4,3,6,C
52,1,2,1,26759.0,0,172,65,59,25,3,16,8,5,2,8,2,2,1,3,A
48,2,2,2,55412.0,0,249,65,63,10,5,28,11,1,8,6,1,2,0,3,B
50,1,1,3,33590.0,0,268,65,8,4,0,2,0,0,2,4,1,1,0,2,B
53,1,1,1,70886.0,0,288,65,960,407,70,239,103,88,53,14,1,5,4,4,D
55,1,0,1,72679.0,0,314,65,1168,619,54,260,127,54,54,17,1,4,7,5,D
81,2,1,0,65073.0,0,343,65,900,629,17,177,69,0,8,14,1,5,3,5,C
59,1,1,2,44300.0,0,401,65,42,30,0,9,0,0,3,6,2,1,0,3,B
71,2,1,1,56129.0,0,404,65,660,320,48,133,39,72,48,22,4,6,2,10,D
71,2,1,1,56129.0,0,404,65,660,320,48,133,39,72,48,22,4,6,2,10,D
53,1,1,1,38590.0,0,440,65,22,3,1,8,4,3,3,4,1,1,0,2,A
66,0,1,2,53083.0,1,440,65,271,215,7,33,3,0,13,17,6,5,1,5,B
58,1,0,1,34704.0,0,458,65,40,29,0,5,0,1,5,5,1,1,0,3,A
62,1,1,2,65316.0,0,461,65,260,112,6,92,3,9,38,12,2,3,2,5,B
46,2,1,1,41014.0,0,463,65,20,7,2,6,2,0,3,4,1,1,0,2,A
64,1,1,1,19740.0,0,492,65,55,7,11,3,10,4,20,7,2,1,1,3,A
45,0,1,1,23724.0,0,567,65,75,5,23,15,0,18,14,7,2,2,0,3,A
55,2,1,1,55212.0,2,613,65,1182,1103,0,45,0,0,34,20,3,4,2,11,C
55,2,1,1,55212.0,2,613,65,1182,1103,0,45,0,0,34,20,3,4,2,11,C
50,2,1,0,38410.0,0,683,65,534,153,64,123,116,64,14,18,2,5,2,9,D
44,1,0,0,28071.0,0,699,65,313,39,33,130,41,26,44,13,2,5,1,5,A
40,0,1,1,35684.0,0,98,66,30,10,4,7,0,6,3,5,1,1,0,3,A
38,2,1,1,34320.0,0,163,66,17,4,1,9,3,0,0,4,1,1,0,2,A
43,1,0,2,41967.0,0,248,66,54,23,4,10,0,2,15,5,1,1,0,3,B
48,2,1,2,49681.0,0,267,66,458,411,0,26,0,0,21,21,6,7,1,7,B
48,2,1,2,49681.0,0,267,66,458,411,0,26,0,0,21,21,6,7,1,7,B
54,1,1,1,53187.0,0,276,66,267,211,2,30,7,7,10,13,2,4,1,6,B
54,1,0,1,24206.0,0,508,66,25,7,2,8,3,2,3,5,1,1,0,3,A
39,1,1,2,55357.0,0,525,66,727,374,64,116,84,25,64,22,3,6,2,11,D
52,2,0,2,41644.0,0,81,67,31,20,3,4,2,0,2,6,2,1,0,3,B
59,1,2,2,30630.0,0,183,67,52,27,1,12,2,0,10,7,2,2,0,3,B
43,2,0,1,22944.0,0,218,67,76,19,3,19,4,5,26,9,3,3,0,3,A
51,2,2,2,52034.0,0,438,67,332,146,0,93,7,13,73,16,5,4,2,5,C
41,1,1,1,28427.0,0,495,67,52,18,3,19,3,3,6,7,2,2,0,3,A
41,1,1,1,28427.0,0,495,67,52,18,3,19,3,3,6,7,2,2,0,3,A
55,2,0,1,39858.0,0,551,67,95,15,20,25,2,7,26,7,1,2,0,4,A
73,2,1,1,67381.0,1,560,67,957,815,8,53,11,0,70,17,4,2,2,9,C
59,0,0,1,23529.0,0,568,67,54,9,7,13,3,2,20,5,1,1,1,2,A
57,1,1,2,51479.0,0,578,67,494,247,8,160,6,8,65,22,7,6,3,6,C
49,1,1,1,76068.0,2,607,67,1376,1115,12,128,33,12,76,10,1,2,3,4,C
40,1,0,1,52413.0,0,633,67,450,185,8,133,56,56,12,17,2,7,1,7,C
67,1,1,2,50116.0,1,39,68,66,54,0,10,0,0,2,7,2,1,0,4,B
71,1,1,2,34587.0,0,74,68,22,7,2,9,2,0,2,6,2,1,0,3,B
78,2,0,0,62159.0,0,92,68,634,182,17,259,77,70,29,19,1,6,2,10,D
74,2,1,2,5648.0,1,138,68,49,28,0,6,1,1,13,2,1,1,0,0,B
40,1,1,1,37235.0,0,178,68,61,20,2,9,4,6,20,5,1,1,1,2,A
40,1,1,1,23976.0,0,214,68,66,14,1,21,2,3,25,10,3,3,1,3,A
37,2,0,0,41020.0,0,274,68,217,112,1,54,7,7,36,10,1,3,2,4,A
40,1,0,1,36108.0,1,287,68,339,141,8,129,3,11,47,15,3,7,1,4,A
73,2,2,1,57530.0,0,290,68,92,50,1,27,6,7,1,7,1,1,1,4,B
47,1,1,1,34380.0,0,453,68,175,72,7,58,13,1,24,12,4,4,1,3,A
60,1,2,1,41638.0,1,531,68,441,315,0,31,4,0,91,17,4,5,5,3,C
74,1,1,1,28320.0,0,561,68,43,19,1,14,3,2,4,5,1,1,0,3,B
67,1,1,1,43140.0,0,570,68,235,134,8,76,6,0,11,11,1,4,1,5,B
47,1,2,1,40246.0,0,587,68,13,2,1,6,2,1,1,4,1,1,0,2,A
39,1,0,0,70596.0,0,662,68,968,347,44,534,17,0,26,21,1,3,5,12,D
39,1,0,0,70596.0,0,662,68,968,347,44,534,17,0,26,21,1,3,5,12,D
62,2,0,1,52597.0,0,83,69,578,492,0,37,7,0,42,20,3,6,3,8,C
52,2,0,1,42394.0,0,128,69,32,15,2,10,0,1,4,5,1,1,0,3,A
64,2,1,2,49154.0,0,268,69,411,206,10,67,30,27,71,19,6,4,1,8,C
72,1,1,2,34074.0,1,381,69,255,135,1,41,10,1,67,14,5,3,3,3,B
69,2,2,0,70638.0,1,423,69,1334,1016,12,215,16,12,63,20,1,4,5,10,C
46,1,1,1,38136.0,1,463,69,103,8,15,27,0,20,33,8,2,3,1,2,A
73,1,1,1,40689.0,0,498,69,444,270,3,27,39,6,99,20,7,7,1,5,C
73,1,1,1,40689.0,0,498,69,444,270,3,27,39,6,99,20,7,7,1,5,C
52,2,1,1,44325.0,1,509,69,542,516,0,21,0,0,5,21,4,8,2,7,C
76,2,1,2,61467.0,0,597,69,594,410,16,114,0,5,49,20,3,5,2,10,C
49,1,1,2,48178.0,0,639,69,254,159,4,45,6,2,38,16,6,5,1,4,B
44,0,1,1,16005.0,0,714,69,103,1,3,2,20,30,47,8,3,2,1,2,A
61,1,1,0,77437.0,1,245,70,1125,560,21,442,29,44,29,23,1,4,5,13,D
48,1,1,1,17649.0,0,259,70,45,15,1,23,0,5,1,9,3,3,0,3,A
53,2,2,1,74290.0,2,351,70,1217,1121,0,72,0,12,12,32,4,10,8,10,C
73,2,1,1,47352.0,0,474,70,319,172,12,112,8,0,15,16,4,6,1,5,B
73,2,1,1,47352.0,0,474,70,319,172,12,112,8,0,15,16,4,6,1,5,B
63,1,0,1,46524.0,0,480,70,177,31,19,35,26,14,52,9,2,1,1,5,B
48,1,1,2,50200.0,0,482,70,401,266,6,51,8,6,64,19,6,7,1,5,C
34,1,1,0,18222.0,0,575,70,67,12,4,19,12,6,14,6,1,2,0,3,A
72,2,1,1,77610.0,0,638,70,1680,1245,33,332,21,33,16,17,2,4,7,4,D
54,2,1,2,38097.0,1,652,70,184,77,2,35,0,1,69,11,4,3,2,2,B
56,2,1,2,44377.0,0,662,70,264,224,0,30,0,0,10,19,8,5,1,5,B
43,1,0,0,58684.0,1,43,71,813,479,35,179,28,7,85,21,1,5,3,12,C
59,1,1,2,66480.0,0,59,71,312,199,9,57,20,21,6,19,7,4,1,7,B
72,1,2,1,49638.0,0,101,71,39,18,10,3,3,5,0,5,1,1,0,3,B
74,2,1,1,50616.0,0,107,71,67,30,2,25,0,1,9,7,1,1,1,4,B
57,2,2,1,26642.0,0,150,71,42,13,2,15,2,2,8,7,2,2,0,3,A
38,1,1,1,33235.0,0,174,71,70,45,0,16,2,1,6,7,1,3,0,3,A
55,1,1,1,23228.0,0,184,71,40,13,2,18,6,1,0,7,2,2,0,3,A
65,2,1,2,36732.0,0,212,71,47,21,5,3,10,1,7,9,3,1,1,4,B
50,1,1,2,44392.0,0,327,71,211,87,5,71,7,12,29,14,5,4,1,4,B
34,0,0,1,16185.0,0,358,71,106,5,11,16,21,8,45,8,2,2,2,2,A
46,0,1,1,38702.0,0,362,71,109,13,11,24,13,8,40,9,2,3,0,4,A
61,2,1,2,54072.0,0,367,71,39,35,0,4,0,0,0,5,1,2,0,2,B
37,2,2,0,61787.0,0,388,71,1319,621,73,414,78,48,85,19,1,8,4,6,D
32,1,1,0,34935.0,0,403,71,137,34,4,66,3,10,20,8,1,2,1,4,A
32,1,1,0,34935.0,0,403,71,137,34,4,66,3,10,20,8,1,2,1,4,A
74,2,1,1,59292.0,0,411,71,507,378,14,68,19,14,14,18,2,3,5,8,C
74,2,1,1,59292.0,0,411,71,507,378,14,68,19,14,14,18,2,3,5,8,C
69,1,0,1,57959.0,0,453,71,868,430,16,322,43,24,33,27,5,4,7,11,C
40,2,1,1,42207.0,1,484,71,265,116,11,72,3,17,46,14,4,4,1,5,A
68,1,3,2,46984.0,0,490,71,41,19,1,10,2,1,8,5,1,1,0,3,B
37,1,0,1,23442.0,0,582,71,27,2,0,6,8,6,5,5,1,1,0,3,A
61,2,0,1,46757.0,0,620,71,1143,777,30,163,0,51,122,21,6,4,4,7,C
44,0,1,1,14515.0,0,627,71,96,6,4,9,6,36,35,11,4,2,2,3,A
38,0,0,0,80910.0,0,636,71,756,160,80,369,67,39,41,15,1,3,3,8,D
45,1,1,1,30545.0,0,650,71,69,4,12,15,19,7,12,7,2,2,0,3,A
54,2,0,0,44802.0,0,707,71,1049,853,10,143,13,10,20,27,2,9,4,12,C
55,2,1,0,79734.0,1,31,72,914,572,8,232,23,62,17,14,1,4,3,6,D
47,2,1,0,50353.0,0,51,72,442,141,15,153,67,31,35,15,1,4,4,6,C
68,2,1,2,77376.0,0,80,72,661,492,19,110,16,12,12,23,4,6,3,10,C
52,2,1,0,78075.0,0,115,72,988,572,8,259,34,35,80,14,1,3,5,5,D
48,2,0,2,42473.0,0,162,72,144,93,1,21,0,4,25,10,3,2,1,4,B
36,1,0,1,25008.0,0,177,72,34,2,8,8,6,1,9,6,2,1,0,3,A
76,2,1,1,56223.0,0,221,72,156,77,28,31,16,0,4,10,2,2,1,5,B
44,1,1,1,47850.0,0,238,72,134,42,7,43,20,12,10,8,1,3,0,4,A
59,2,0,2,40637.0,0,377,72,38,22,0,13,0,0,3,6,2,1,0,3,B
65,1,2,0,23295.0,0,381,72,20,0,0,1,2,12,5,4,1,1,0,2,A
55,1,1,0,54165.0,0,427,72,236,127,4,73,15,6,11,11,1,2,1,7,A
43,1,2,2,28510.0,0,472,72,91,44,5,19,0,4,19,9,3,2,0,4,B
68,1,1,1,67131.0,0,490,72,976,465,71,250,93,35,62,26,3,9,2,12,D
55,2,1,1,56242.0,0,513,72,971,689,8,167,11,8,88,28,5,8,4,11,C
41,2,1,0,86580.0,1,517,72,746,532,21,127,26,20,20,11,0,4,2,5,C
62,2,1,1,54693.0,0,527,72,929,686,17,142,23,26,35,31,8,6,4,13,C
69,2,1,1,52750.0,0,540,72,860,393,0,239,90,69,69,27,6,5,7,9,D
56,1,2,2,36997.0,0,543,72,94,43,4,12,8,0,27,12,5,2,1,4,B
59,2,1,2,34230.0,0,580,72,21,15,0,4,0,0,2,4,1,1,0,2,B
64,1,3,1,47916.0,1,614,72,606,505,0,26,0,0,75,22,5,7,4,6,C
54,2,1,2,55158.0,0,729,72,418,293,0,87,4,11,23,18,4,7,2,5,B
59,1,1,1,44375.0,0,128,73,301,213,5,28,7,7,41,12,1,4,1,6,B
53,2,0,1,60504.0,0,172,73,526,458,0,24,6,4,34,18,2,6,2,8,C
44,0,0,1,67506.0,0,208,73,331,90,38,67,33,36,67,12,1,4,1,6,C
65,2,2,1,68805.0,0,315,73,283,182,2,49,17,13,20,12,1,3,1,7,B
54,1,0,0,61209.0,0,338,73,957,466,0,224,119,49,99,13,1,5,3,4,D
51,1,1,1,31814.0,1,535,73,83,35,3,20,4,1,20,7,2,2,0,3,A
39,2,1,1,40101.0,0,653,73,415,171,3,129,26,24,62,17,4,6,1,6,C
44,1,0,1,51766.0,0,140,74,275,60,51,87,6,20,51,12,2,4,2,4,C
44,1,1,1,62994.0,0,147,74,312,224,12,48,4,12,12,13,1,6,2,4,A
50,2,1,1,65640.0,0,150,74,461,204,7,149,20,15,66,15,1,5,1,8,C
55,1,1,1,38361.0,0,214,74,137,39,0,56,20,8,14,10,3,3,1,3,A
55,1,1,1,38361.0,0,214,74,137,39,0,56,20,8,14,10,3,3,1,3,A
39,1,1,1,19986.0,0,257,74,22,3,6,5,0,2,6,4,1,0,0,3,A
39,1,1,1,19986.0,0,257,74,22,3,6,5,0,2,6,4,1,0,0,3,A
76,2,2,3,45072.0,0,286,74,284,144,2,99,7,2,30,16,5,6,1,4,B
57,2,1,3,59062.0,0,299,74,71,46,1,12,3,0,9,7,2,2,0,3,B
63,2,1,1,61794.0,0,318,74,611,264,47,188,54,47,11,20,2,4,4,10,D
59,2,1,1,45143.0,0,337,74,311,202,5,74,11,5,14,15,3,6,1,5,B
59,2,1,1,45143.0,0,337,74,311,202,5,74,11,5,14,15,3,6,1,5,B
55,2,0,0,26877.0,0,344,74,268,101,13,76,20,18,40,12,2,3,1,6,A
59,2,2,2,36921.0,0,366,74,38,17,1,12,3,1,4,7,2,2,0,3,B
68,0,1,2,54342.0,0,391,74,177,84,10,34,11,10,28,12,4,3,1,4,B
55,2,0,1,62772.0,1,436,74,946,581,49,157,43,8,108,23,1,5,6,11,C
65,2,1,1,75032.0,0,457,74,1215,952,12,180,47,12,12,20,2,5,4,9,C
61,1,1,0,22419.0,0,467,74,162,30,3,47,19,21,42,8,1,3,2,2,A
61,1,1,0,22419.0,0,467,74,162,30,3,47,19,21,42,8,1,3,2,2,A
50,2,0,0,63159.0,1,631,74,1797,965,34,586,89,86,37,17,1,3,5,8,D
51,2,1,2,54108.0,0,631,74,747,539,6,91,8,6,97,32,13,8,2,9,C
59,1,1,1,59594.0,1,647,74,499,457,4,29,0,0,9,17,1,8,1,7,C
42,2,1,1,18492.0,0,54,75,10,2,2,2,2,1,1,4,1,1,0,2,A
51,1,0,2,34853.0,0,218,75,34,9,3,15,2,3,2,7,2,2,0,3,B
40,2,0,1,16269.0,0,333,75,44,19,3,18,3,1,0,9,3,3,0,3,A
42,1,1,1,50272.0,0,356,75,233,99,13,66,43,8,4,13,3,4,1,5,A
53,1,0,1,22804.0,0,363,75,26,14,1,7,2,1,1,5,1,2,0,2,A
53,1,0,1,22804.0,0,363,75,26,14,1,7,2,1,1,5,1,2,0,2,A
50,1,1,1,30631.0,0,382,75,70,15,6,20,4,5,20,7,1,3,1,2,A
53,1,1,1,25721.0,0,434,75,34,1,3,6,3,6,15,5,1,1,1,2,A
62,1,2,3,37859.0,0,563,75,36,22,1,8,2,1,2,6,2,1,0,3,B
52,1,1,3,30261.0,0,672,75,22,8,0,5,0,3,6,4,1,0,0,3,B
45,1,1,1,21645.0,0,694,75,65,14,0,23,4,5,19,9,3,3,0,3,A
46,0,2,1,21282.0,0,79,76,46,1,5,8,4,8,20,7,2,2,1,2,A
70,1,1,2,32144.0,1,128,76,54,41,0,10,0,0,3,10,4,2,1,3,B
70,2,2,1,62637.0,0,150,76,185,104,12,48,4,12,5,10,1,2,2,5,B
53,1,1,2,16626.0,0,195,76,68,8,3,22,21,1,13,9,3,3,0,3,B
53,0,1,2,54690.0,0,264,76,198,111,16,37,7,9,18,12,3,3,1,5,B
53,0,1,2,54690.0,0,264,76,198,111,16,37,7,9,18,12,3,3,1,5,B
69,2,0,0,61284.0,1,290,76,811,618,15,106,20,7,45,22,1,11,2,8,C
48,0,1,1,23718.0,0,330,76,81,6,3,14,15,7,36,9,3,3,1,2,A
62,2,0,1,33419.0,0,346,76,86,56,0,12,0,0,18,8,2,2,0,4,B
66,0,0,2,15056.0,0,452,76,88,6,12,3,21,6,40,12,5,2,2,3,B
67,1,3,1,66033.0,0,555,76,677,293,35,179,46,59,65,20,2,8,3,7,D
47,1,0,1,28769.0,0,588,76,191,41,5,129,10,3,3,12,3,4,1,4,A
67,2,1,1,6835.0,0,598,76,137,107,2,12,2,2,12,1,0,0,0,1,A
38,1,1,1,32880.0,0,602,76,42,8,4,15,7,6,2,5,1,1,0,3,A
42,0,0,1,23616.0,0,619,76,79,4,22,11,3,7,32,8,2,3,0,3,A
43,1,1,1,19419.0,0,626,76,70,2,14,28,16,3,7,11,4,4,0,3,A
51,1,1,1,34961.0,0,40,77,79,45,2,26,4,1,1,10,3,3,1,3,A
48,1,2,1,64892.0,0,61,77,902,527,24,230,32,24,65,24,2,6,4,12,C
36,0,1,1,16248.0,0,80,77,57,12,11,10,3,12,9,9,3,2,1,3,A
41,1,1,1,43776.0,0,87,77,23,8,0,9,2,1,3,4,1,1,0,2,A
57,1,0,1,52074.0,1,116,77,119,59,0,12,0,0,48,7,1,2,2,2,B
64,0,3,0,22123.0,0,124,77,102,3,3,24,34,7,31,7,1,2,1,3,A
46,2,0,1,35544.0,0,143,77,67,30,5,23,4,1,4,6,1,2,0,3,A
35,0,1,1,59060.0,0,199,77,274,35,40,111,36,40,12,14,3,3,1,7,A
53,1,2,1,29819.0,0,278,77,39,9,1,24,2,1,2,9,3,3,0,3,A
34,1,0,1,26095.0,0,394,77,42,11,7,9,3,1,11,5,1,1,0,3,A
54,0,2,0,65706.0,3,396,77,1199,918,10,129,13,0,129,27,1,11,3,12,C
48,1,2,1,31859.0,0,410,77,20,3,1,3,8,0,5,4,1,1,0,2,A
58,2,1,2,49618.0,0,549,77,129,80,3,26,4,2,14,11,4,3,1,3,B
60,2,0,1,58308.0,0,563,77,900,691,0,69,10,0,130,15,4,2,6,3,C
60,1,1,3,40800.0,0,574,77,99,24,0,27,8,30,10,8,2,3,0,3,B
65,1,1,0,18690.0,0,578,77,60,6,1,7,23,4,19,5,1,1,1,2,A
65,1,1,0,18690.0,0,578,77,60,6,1,7,23,4,19,5,1,1,1,2,A
65,1,1,0,18690.0,0,578,77,60,6,1,7,23,4,19,5,1,1,1,2,A
66,1,1,2,28087.0,0,595,77,112,53,8,17,13,0,21,9,3,2,2,2,B
57,1,1,2,75702.0,0,699,77,1148,650,28,353,45,42,30,26,5,4,6,11,D
53,2,1,1,32892.0,0,65,78,46,26,0,15,2,1,2,8,2,3,0,3,A
53,2,1,1,32892.0,0,65,78,46,26,0,15,2,1,2,8,2,3,0,3,A
63,1,1,2,27116.0,0,149,78,41,12,1,21,2,2,3,7,2,2,0,3,B
35,1,0,1,46107.0,0,169,78,125,31,9,27,16,9,33,7,1,1,1,4,A
51,2,0,2,54466.0,0,170,78,16,12,0,4,0,0,0,4,1,1,0,2,B
59,1,0,1,59686.0,0,185,78,274,89,15,89,34,42,5,12,1,4,1,6,C
74,1,2,0,82460.0,0,239,78,974,255,47,573,52,32,15,15,1,5,3,6,D
64,2,0,0,76045.0,1,256,78,1323,760,53,400,17,93,0,21,1,4,5,11,D
56,2,1,2,32889.0,0,326,78,55,28,0,13,4,2,8,9,3,2,1,3,B
45,2,2,1,33462.0,0,356,78,54,22,3,18,0,0,11,6,1,2,0,3,A
49,1,2,2,36627.0,0,371,78,16,9,1,5,0,0,1,4,1,0,0,3,B
42,1,1,1,28718.0,0,381,78,57,12,4,6,11,8,16,7,2,2,0,3,A
68,1,0,1,60230.0,0,435,78,1067,520,20,367,39,81,40,17,2,6,3,6,D
71,1,0,1,40464.0,0,564,78,630,424,17,118,7,23,41,24,6,8,2,8,C
58,1,0,2,86358.0,0,720,78,1722,957,47,494,82,47,95,18,4,5,3,6,D
47,1,1,1,41443.0,0,119,79,482,171,7,171,25,19,89,20,6,8,1,5,C
63,2,1,1,57072.0,1,186,79,1034,944,0,60,0,0,30,27,2,7,5,13,C
57,1,1,1,54178.0,0,189,79,194,135,9,39,4,0,7,10,1,2,2,5,B
74,2,0,3,48767.0,0,209,79,63,28,1,21,3,0,10,9,3,2,1,3,B
69,2,0,2,51124.0,0,223,79,43,26,1,11,0,1,4,6,2,1,0,3,B
54,1,0,1,43020.0,0,241,79,223,45,7,99,4,25,43,12,3,4,1,4,A
61,1,0,1,49980.0,0,279,79,195,104,1,54,13,9,14,11,2,3,1,5,B
69,1,0,0,72906.0,0,315,79,1151,400,32,519,71,75,54,17,1,3,4,9,D
48,0,1,2,25176.0,0,353,79,13,4,0,4,0,0,5,4,1,1,0,2,A
45,0,1,2,31086.0,1,451,79,48,16,2,11,3,0,16,6,2,1,1,2,A
41,1,0,1,24072.0,0,469,79,23,9,1,6,3,0,4,4,1,1,0,2,A
70,1,2,0,76773.0,0,519,79,1156,516,56,449,86,33,16,16,1,2,2,11,D
76,2,1,0,83837.0,2,590,79,1318,847,66,119,86,89,111,25,1,9,10,5,D
46,1,1,1,17345.0,0,633,79,58,4,9,16,17,0,12,7,2,2,1,2,A
63,0,1,0,28249.0,0,44,80,43,1,9,7,2,14,10,6,1,2,0,3,A
63,0,1,0,28249.0,0,44,80,43,1,9,7,2,14,10,6,1,2,0,3,A
44,2,1,0,69661.0,0,77,80,834,656,16,106,32,16,8,23,1,7,3,12,C
45,2,1,1,27922.0,0,80,80,41,11,0,13,2,4,11,6,1,2,0,3,A
58,2,1,1,45903.0,0,97,80,66,33,8,10,2,10,3,8,2,2,1,3,B
47,2,0,1,36273.0,0,104,80,76,29,3,30,3,2,9,8,2,3,0,3,A
56,2,1,1,70777.0,0,154,80,787,554,35,113,0,7,78,23,3,5,3,12,C
48,1,1,1,17148.0,0,182,80,68,9,9,11,13,10,16,11,4,3,1,3,A
55,2,1,1,66476.0,0,237,80,1013,742,28,152,25,9,57,26,2,6,8,10,C
45,2,1,1,45057.0,0,240,80,50,37,0,7,3,0,3,6,1,2,0,3,A
56,1,1,2,41120.0,0,265,80,81,24,2,23,0,8,24,9,3,2,1,3,B
38,2,0,2,19485.0,0,308,80,10,6,0,4,0,0,0,4,1,1,0,2,A
41,2,1,1,21840.0,0,373,80,27,17,0,9,0,0,1,5,1,1,0,3,A
39,0,0,1,41473.0,0,405,80,76,21,8,20,15,3,9,6,1,2,0,3,A
68,0,2,2,31395.0,0,493,80,64,23,1,25,0,8,7,10,4,2,1,3,B
77,2,3,1,68117.0,1,506,80,930,618,44,215,0,17,36,25,2,11,8,4,C
49,0,3,1,47682.0,0,529,80,521,162,61,83,97,57,61,19,4,4,3,8,D
55,2,2,1,58086.0,0,555,80,792,708,7,62,0,0,15,23,2,11,3,7,C
66,2,1,0,84460.0,4,571,80,523,152,27,103,106,54,81,22,0,9,9,4,D
62,1,0,1,66565.0,0,601,80,1065,747,10,161,65,40,42,19,4,4,2,9,D
55,1,2,1,23910.0,0,641,80,67,16,12,18,7,1,13,6,1,2,0,3,A
56,1,0,2,35893.0,0,652,80,199,158,0,23,0,0,18,15,6,3,1,5,B
35,0,1,1,38683.0,0,663,80,341,46,35,69,84,41,66,17,6,4,1,6,C
53,1,1,1,37150.0,0,686,80,467,167,37,64,49,34,116,21,8,4,3,6,C
48,2,1,1,51650.0,0,79,81,191,152,3,22,2,5,7,10,1,4,1,4,A
68,2,1,1,55249.0,0,103,81,130,97,1,19,2,0,11,8,1,2,1,4,B
51,2,0,2,46854.0,1,120,81,263,96,1,79,7,1,79,15,6,5,1,3,C
28,0,1,0,14421.0,1,162,81,16,0,0,2,3,3,8,4,1,1,0,2,A
55,2,1,1,54132.0,0,163,81,42,30,1,8,0,0,3,5,1,1,0,3,B
54,2,1,1,61872.0,0,228,81,573,330,5,159,36,27,16,21,4,4,4,9,C
45,1,1,1,58025.0,0,245,81,470,270,31,88,11,48,22,18,3,3,2,10,C
76,2,1,0,83790.0,2,256,81,1615,1076,16,417,42,48,16,25,1,8,10,6,D
45,1,1,1,34350.0,0,283,81,48,16,3,15,2,1,11,5,1,1,0,3,A
66,2,3,2,33438.0,0,310,81,90,62,1,16,3,2,6,11,4,2,1,4,B
38,0,1,1,21955.0,0,325,81,55,5,1,7,17,14,11,8,2,2,1,3,A
53,2,1,1,60491.0,0,326,81,1028,637,47,237,12,19,76,28,4,6,11,7,C
60,2,1,1,59304.0,0,365,81,1048,418,61,428,80,51,10,28,3,7,8,10,D
50,1,1,1,34421.0,0,393,81,30,3,3,7,6,2,9,4,1,1,0,2,A
50,1,1,1,34421.0,0,393,81,30,3,3,7,6,2,9,4,1,1,0,2,A
71,2,0,3,51411.0,0,429,81,18,14,0,3,0,0,1,4,1,0,0,3,B
71,2,1,3,64504.0,0,512,81,1314,986,36,168,16,0,108,25,7,11,3,4,C
63,1,1,1,49678.0,0,542,81,315,229,5,56,3,2,20,14,2,6,2,4,B
48,2,0,1,60482.0,0,552,81,507,255,43,134,37,14,24,17,1,7,2,7,C
55,2,3,1,67369.0,2,619,81,1461,1298,0,70,37,14,42,25,4,7,4,10,C
62,2,1,2,47175.0,1,639,81,240,167,2,44,6,2,19,17,7,4,2,4,B
43,2,1,1,56937.0,1,724,81,906,746,8,125,11,8,8,30,7,8,6,9,C
48,1,0,1,37697.0,0,172,82,84,34,6,21,11,4,8,7,1,2,1,3,A
48,1,0,1,37697.0,0,172,82,84,34,6,21,11,4,8,7,1,2,1,3,A
73,1,1,2,44689.0,1,200,82,34,18,0,5,0,0,11,6,2,1,1,2,B
54,0,1,2,23162.0,0,220,82,65,8,3,9,19,4,22,8,3,1,1,3,B
57,2,0,1,40304.0,0,302,82,57,37,0,17,0,0,3,6,1,2,0,3,B
43,2,0,1,36038.0,0,424,82,47,23,0,15,0,2,7,8,2,3,0,3,A
56,1,1,2,40521.0,0,480,82,21,12,0,5,0,0,4,4,1,0,1,2,B
68,2,1,1,66334.0,0,482,82,1161,909,11,218,0,0,23,19,2,9,3,5,C
40,1,0,1,11012.0,1,500,82,84,24,3,26,7,1,23,9,3,3,1,2,A
48,1,2,1,31615.0,0,500,82,51,2,3,20,6,11,9,7,2,2,0,3,A
45,1,1,1,17688.0,0,562,82,11,2,2,1,3,1,2,4,1,1,0,2,A
35,0,1,1,25443.0,0,584,82,32,1,4,3,8,9,7,5,1,1,0,3,A
52,2,1,1,57091.0,1,613,82,496,462,0,24,6,0,4,18,2,9,2,5,C
43,0,0,1,24336.0,0,701,82,31,1,6,2,8,2,12,4,1,1,0,2,A
43,0,1,2,51111.0,0,40,83,55,22,0,19,6,5,3,7,2,2,0,3,B
52,1,0,2,44503.0,0,104,83,48,31,1,8,0,0,8,7,2,2,0,3,B
53,2,1,1,56850.0,0,128,83,63,34,1,19,2,7,0,6,1,1,1,3,B
55,2,0,0,66582.0,0,148,83,1288,789,25,420,16,38,0,20,1,2,8,9,D
39,0,1,0,23148.0,0,161,83,37,4,6,8,6,3,10,6,1,2,0,3,A
50,2,1,2,61917.0,0,251,83,91,46,4,36,2,2,1,7,1,2,0,4,B
58,1,1,3,43482.0,0,258,83,88,18,1,32,6,3,28,9,3,2,0,4,B
45,1,2,2,68274.0,0,302,83,305,135,25,51,23,25,46,13,2,4,2,5,C
50,1,0,2,42373.0,0,348,83,163,67,5,61,3,8,19,13,5,2,1,5,B
45,1,0,1,57537.0,0,414,83,545,191,56,139,51,8,100,19,4,4,3,8,C
66,2,3,1,80995.0,0,444,83,1482,860,28,409,73,56,56,22,1,8,9,4,D
48,1,2,1,30992.0,0,463,83,43,17,0,14,7,3,2,5,1,1,0,3,A
48,1,2,1,30992.0,0,463,83,43,17,0,14,7,3,2,5,1,1,0,3,A
62,1,1,1,75072.0,0,552,83,1073,583,34,309,0,22,125,19,2,5,4,8,C
61,1,1,1,56253.0,0,599,83,597,509,0,65,7,11,5,22,4,7,2,9,C
69,1,1,1,59925.0,0,606,83,766,473,21,176,19,21,56,23,3,9,2,9,C
64,1,1,1,62807.0,0,697,83,819,526,28,135,10,21,99,23,3,5,3,12,C
64,1,1,1,62807.0,0,697,83,819,526,28,135,10,21,99,23,3,5,3,12,C
54,2,1,1,23626.0,0,66,84,43,27,2,14,0,0,0,10,3,3,1,3,A
48,2,1,2,46106.0,0,79,84,54,30,0,8,2,0,14,5,1,1,1,2,B
45,1,1,1,27244.0,0,144,84,101,6,5,17,3,24,46,8,2,2,2,2,A
67,1,1,2,26091.0,0,154,84,89,15,10,19,8,17,20,9,3,2,1,3,B
67,1,1,2,26091.0,0,154,84,89,15,10,19,8,17,20,9,3,2,1,3,B
55,2,1,2,43142.0,0,161,84,20,5,1,7,2,1,4,4,1,1,0,2,B
53,1,1,2,38232.0,0,193,84,122,43,5,28,7,6,33,11,4,3,1,3,B
69,1,1,1,38946.0,0,278,84,257,116,6,82,6,6,41,12,2,3,1,6,B
69,1,1,1,38946.0,0,278,84,257,116,6,82,6,6,41,12,2,3,1,6,B
49,2,1,1,40233.0,0,288,84,149,80,4,46,0,17,2,13,5,2,1,5,A
55,0,1,2,46831.0,0,416,84,78,22,2,10,6,4,34,7,2,1,2,2,B
48,2,0,1,70379.0,0,513,84,860,553,25,142,65,67,8,25,3,6,3,13,D
62,1,1,1,55759.0,0,608,84,854,675,0,85,10,7,77,26,5,10,3,8,C
73,2,0,3,58217.0,0,619,84,103,68,1,13,3,5,13,7,1,2,0,4,B
54,2,1,1,44159.0,0,42,85,275,167,2,62,24,13,7,15,4,4,1,6,B
50,1,2,2,39996.0,0,68,85,15,11,0,3,0,0,1,4,1,1,0,2,B
51,2,1,1,55012.0,0,130,85,660,582,0,65,0,0,13,25,6,8,2,9,C
77,1,0,0,77457.0,1,146,85,1157,675,11,400,15,45,11,18,1,2,5,10,D
42,2,1,0,73450.0,2,236,85,1804,1142,51,415,90,69,37,27,1,7,8,11,D
80,2,2,0,55614.0,1,244,85,682,504,13,131,8,0,26,20,1,9,4,6,C
57,0,1,2,30753.0,0,383,85,81,12,5,25,0,9,30,7,2,1,1,3,B
68,2,1,2,54603.0,0,385,85,227,145,13,46,17,2,4,16,6,4,2,4,B
49,1,1,1,22280.0,0,436,85,13,2,1,4,3,1,2,4,1,1,0,2,A
73,2,1,2,59385.0,0,457,85,185,135,0,10,0,4,36,10,2,3,1,4,B
42,1,1,0,24711.0,0,102,86,58,10,7,25,6,3,7,7,1,3,0,3,A
65,2,1,1,38829.0,0,114,86,99,76,0,7,0,0,16,8,1,3,2,2,B
68,2,1,2,28839.0,0,140,86,32,24,0,7,0,0,1,7,2,2,0,3,B
73,1,1,2,53790.0,0,145,86,542,335,42,127,28,5,5,20,3,7,2,8,C
42,1,1,1,22448.0,0,153,86,55,3,1,8,23,2,18,9,3,2,1,3,A
48,1,2,1,12571.0,0,192,86,53,3,5,14,2,12,17,11,4,3,1,3,A
64,2,1,0,73113.0,0,215,86,1001,741,19,154,50,9,28,15,1,3,4,7,C
34,1,1,1,35765.0,0,230,86,75,22,3,30,0,5,15,8,2,2,0,4,A
58,2,0,3,46734.0,1,281,86,223,100,1,39,6,1,76,12,4,3,2,3,B
61,2,1,1,66313.0,0,316,86,770,625,7,99,10,22,7,23,2,6,3,12,C
67,2,1,0,68148.0,0,332,86,1042,389,66,408,37,57,85,15,1,4,4,6,D
59,1,1,2,44393.0,0,341,86,60,24,2,20,2,2,10,7,2,1,0,4,B
38,2,1,1,38197.0,0,395,86,40,23,0,11,2,1,3,5,1,1,0,3,A
78,2,1,0,51012.0,0,467,86,209,102,9,63,2,9,24,10,1,4,1,4,B
78,2,1,0,51012.0,0,467,86,209,102,9,63,2,9,24,10,1,4,1,4,B
64,1,1,2,13672.0,0,468,86,25,6,2,9,2,1,5,6,2,1,0,3,B
71,1,1,2,41452.0,0,510,86,16,13,0,3,0,0,0,4,1,1,0,2,B
42,1,1,1,42081.0,1,518,86,382,175,10,110,54,6,27,15,2,6,3,4,C
38,0,0,0,14906.0,0,584,86,66,7,7,14,7,16,15,9,3,2,1,3,A
39,0,0,1,33812.0,0,633,86,133,4,17,19,30,24,39,8,2,2,1,3,A
49,2,0,2,46098.0,0,710,86,120,57,0,27,0,0,36,11,4,3,2,2,B
49,2,0,2,46098.0,0,710,86,120,57,0,27,0,0,36,11,4,3,2,2,B
49,2,0,2,46098.0,0,710,86,120,57,0,27,0,0,36,11,4,3,2,2,B
61,0,0,2,39548.0,0,120,87,54,15,4,10,3,4,18,7,2,1,1,3,B
71,1,1,1,61278.0,0,206,87,165,111,3,28,2,6,15,10,2,3,1,4,B
57,1,1,0,65777.0,0,222,87,1146,565,32,435,28,32,54,17,1,2,8,6,D
44,0,1,2,70829.0,0,240,87,431,141,70,106,72,19,23,16,2,4,2,8,C
62,2,0,2,59247.0,0,263,87,574,327,9,122,19,14,83,21,5,5,2,9,C
57,1,0,2,25930.0,0,292,87,15,6,1,2,2,0,4,4,1,1,0,2,B
50,2,1,1,28440.0,0,387,87,63,38,1,24,0,0,0,6,1,2,0,3,A
51,0,1,1,23559.0,0,391,87,79,25,5,19,7,0,23,9,3,3,0,3,A
45,1,1,2,63777.0,0,492,87,653,457,5,106,15,17,53,26,8,11,1,6,C
68,2,1,1,50965.0,1,524,87,685,544,13,85,8,6,29,22,3,10,4,5,C
72,1,0,0,72228.0,0,609,87,1250,631,28,491,30,14,56,22,1,6,7,8,D
71,2,0,3,46231.0,0,610,87,263,189,2,55,0,5,12,15,4,6,1,4,B
53,1,2,1,43300.0,0,654,87,180,91,3,52,2,1,31,11,3,4,0,4,A
39,1,0,1,29760.0,0,699,87,165,64,4,68,7,5,17,12,4,3,1,4,A
39,1,0,1,29760.0,0,699,87,165,64,4,68,7,5,17,12,4,3,1,4,A
62,1,1,1,50127.0,1,61,88,320,274,0,21,4,6,15,13,1,5,1,6,B
36,1,1,1,29604.0,1,233,88,53,7,6,13,7,6,14,5,1,1,0,3,A
72,1,1,1,49413.0,0,277,88,304,205,7,41,3,2,46,13,2,4,2,5,B
66,1,1,0,51876.0,0,287,88,310,99,27,102,28,48,6,13,1,2,2,8,C
50,1,1,2,45837.0,0,368,88,373,215,13,87,17,17,24,18,5,6,2,5,B
62,2,2,0,85696.0,0,452,88,1313,714,76,395,116,0,12,20,1,4,6,9,D
62,2,2,0,85696.0,0,452,88,1313,714,76,395,116,0,12,20,1,4,6,9,D
62,2,2,1,59432.0,0,472,88,663,317,25,265,25,19,12,22,3,5,3,11,C
73,1,2,1,43185.0,0,475,88,637,537,6,42,16,6,30,20,2,9,3,6,C
49,2,1,2,60631.0,1,480,88,661,565,6,65,0,6,19,24,5,9,2,8,C
39,2,1,1,20559.0,0,504,88,53,13,1,29,3,0,7,7,2,2,0,3,A
68,2,1,0,14661.0,0,574,88,26,4,1,11,6,2,2,5,1,1,0,3,A
70,1,1,2,36807.0,0,586,88,16,4,2,5,0,0,5,4,1,1,0,2,B
77,2,1,0,81574.0,2,92,89,1798,1252,0,465,46,35,0,18,1,4,5,8,D
48,1,1,2,30772.0,0,139,89,20,7,2,4,2,1,4,4,1,1,0,2,B
46,2,1,1,46377.0,0,150,89,90,37,0,46,4,3,0,7,1,2,1,3,A
50,2,1,1,78128.0,2,160,89,1264,934,24,230,16,24,36,20,2,8,4,6,D
64,0,1,2,50523.0,0,216,89,91,51,4,24,4,7,1,8,2,2,0,4,B
59,1,1,1,47009.0,0,301,89,448,171,45,73,59,10,90,17,4,3,2,8,C
57,2,1,2,37054.0,0,317,89,25,12,1,6,0,1,5,6,2,1,0,3,B
53,2,1,1,32011.0,0,341,89,122,99,0,15,2,1,5,10,3,2,1,4,A
49,1,2,1,70300.0,0,379,89,1596,1045,61,338,60,46,46,26,3,5,5,13,D
48,2,1,0,21024.0,0,390,89,84,36,4,18,6,2,18,7,1,2,0,4,A
56,1,1,2,34916.0,0,440,89,231,51,23,82,33,0,42,13,4,5,1,3,B
57,1,1,2,27943.0,0,470,89,37,12,1,16,4,1,3,8,3,2,0,3,B
53,2,1,1,39791.0,0,488,89,174,85,15,27,13,13,21,10,2,3,1,4,A
59,2,1,1,62745.0,0,493,89,1117,562,21,464,28,10,32,29,3,7,8,11,D
55,1,0,0,18589.0,0,573,89,75,6,4,25,15,12,13,8,2,2,1,3,A
54,2,1,2,38853.0,0,67,90,45,29,0,14,0,0,2,7,2,2,0,3,B
56,2,2,1,27071.0,0,97,90,35,8,3,19,0,2,3,7,2,2,0,3,A
70,2,0,0,90933.0,1,120,90,1685,1020,31,430,62,63,79,15,1,4,6,4,D
58,2,1,1,65814.0,0,149,90,747,561,14,113,10,14,35,23,3,8,2,10,C
66,2,1,0,74250.0,0,184,90,1158,680,11,392,75,0,0,18,1,2,11,4,D
48,2,1,1,33181.0,1,207,90,16,9,0,3,0,0,4,4,1,1,0,2,A
80,2,3,0,45006.0,0,376,90,266,162,25,53,16,0,10,12,1,3,1,7,B
66,2,1,1,42315.0,0,382,90,270,67,15,80,17,11,80,12,3,1,4,4,C
74,2,1,2,48699.0,0,434,90,40,26,1,10,2,0,1,5,1,1,0,3,B
69,1,1,1,48726.0,0,458,90,242,138,3,38,4,0,59,12,3,3,2,4,B
69,1,2,2,37244.0,1,458,90,55,18,2,10,0,0,25,5,1,1,1,2,B
54,1,1,3,74854.0,0,477,90,1562,856,59,487,58,29,73,19,7,2,5,5,D
37,1,0,1,46923.0,0,706,90,369,85,44,54,102,78,6,16,3,5,1,7,D
52,1,1,3,38988.0,0,708,90,348,164,24,103,12,3,42,19,7,5,1,6,B
53,0,2,0,49118.0,2,710,90,1229,620,54,239,99,98,119,28,2,9,7,10,D
46,2,1,1,27683.0,0,724,90,351,152,9,121,12,12,45,16,4,6,2,4,A
50,2,0,1,39190.0,0,94,91,133,68,8,18,19,8,12,9,2,2,1,4,A
43,1,2,0,56981.0,1,185,91,1241,908,48,217,32,12,24,19,1,2,3,13,D
40,1,1,1,23228.0,0,205,91,121,53,3,49,7,4,5,11,4,3,0,4,A
71,2,1,1,55707.0,0,219,91,428,208,7,82,30,66,35,16,2,3,2,9,C
35,1,0,1,9255.0,0,221,91,22,9,0,7,2,0,4,5,1,1,1,2,A
47,2,0,2,42997.0,0,234,91,15,4,0,5,0,1,5,4,1,1,0,2,B
65,1,1,1,71232.0,0,243,91,917,653,17,170,34,26,17,25,2,11,2,10,C
70,2,1,1,57744.0,0,259,91,411,350,3,39,0,0,19,16,2,9,1,4,B
58,2,1,1,33585.0,0,307,91,122,30,11,33,13,6,29,7,1,2,0,4,A
59,0,1,1,46891.0,0,331,91,183,43,12,23,29,15,61,8,1,2,1,4,A
59,0,1,1,46891.0,0,331,91,183,43,12,23,29,15,61,8,1,2,1,4,A
68,1,1,2,50387.0,0,332,91,525,369,9,87,12,14,34,19,3,6,2,8,C
68,2,1,0,76542.0,0,486,91,1483,794,73,573,0,29,14,23,1,4,8,10,D
46,1,1,2,38415.0,0,573,91,44,22,1,13,4,0,4,6,2,1,0,3,B
68,1,2,0,22304.0,0,724,91,18,3,2,7,0,4,2,4,1,1,0,2,A
71,1,1,1,39722.0,0,155,92,47,32,0,5,2,0,8,7,2,2,0,3,B
47,1,1,1,39771.0,0,235,92,50,6,2,18,2,8,14,6,1,2,0,3,A
52,2,2,1,42618.0,0,293,92,192,76,14,74,13,5,10,11,2,5,0,4,B
66,2,1,1,51518.0,0,299,92,449,350,8,66,17,4,4,17,2,3,2,10,C
49,1,0,1,33955.0,0,354,92,270,100,2,128,23,7,10,15,4,5,1,5,A
70,2,1,1,45736.0,0,370,92,437,188,3,180,20,3,43,19,5,7,1,6,C
53,1,0,0,31632.0,0,380,92,95,17,8,12,11,15,32,6,1,2,1,2,A
50,1,1,1,60093.0,0,398,92,735,502,12,109,16,6,90,21,2,7,2,10,C
55,1,0,1,30822.0,0,410,92,51,3,9,13,2,12,12,5,1,1,0,3,A
56,1,1,1,41728.0,0,431,92,55,13,6,15,3,5,13,5,1,2,0,2,A
70,1,1,2,38998.0,0,633,92,54,34,1,14,0,0,5,8,3,2,0,3,B
70,1,1,2,38998.0,0,633,92,54,34,1,14,0,0,5,8,3,2,0,3,B
66,0,1,0,26490.0,0,675,92,210,45,47,52,21,20,25,11,2,3,1,5,A
66,0,1,0,26490.0,0,675,92,210,45,47,52,21,20,25,11,2,3,1,5,A
36,0,1,1,23331.0,0,693,92,103,5,36,7,0,10,45,8,2,3,0,3,A
63,1,1,2,60544.0,0,703,92,289,201,2,43,3,5,35,15,4,5,1,5,B
63,1,1,2,60544.0,0,703,92,289,201,2,43,3,5,35,15,4,5,1,5,B
53,2,1,1,49269.0,0,713,92,890,639,8,166,11,8,58,25,3,7,3,12,C
74,1,1,2,27203.0,0,722,92,64,13,2,21,4,0,24,6,2,1,1,2,B
36,0,1,1,45204.0,0,109,93,114,30,11,25,29,1,18,7,1,1,1,4,A
46,1,1,0,67023.0,0,147,93,906,444,44,382,11,8,17,24,1,3,7,13,D
64,2,1,1,47353.0,0,258,93,225,184,2,19,8,8,4,13,3,2,2,6,B
60,1,1,2,48920.0,1,282,93,347,238,17,68,8,10,6,16,3,6,2,5,B
77,2,1,1,67472.0,0,304,93,414,162,31,127,8,17,69,15,2,4,2,7,C
60,2,1,1,64100.0,1,322,93,546,509,0,27,0,0,10,18,1,8,3,6,C
36,1,1,1,38872.0,0,425,93,91,23,3,21,3,19,22,8,2,3,0,3,A
37,0,0,1,15038.0,0,546,93,80,4,8,11,19,12,26,7,2,2,1,2,A
48,1,1,1,13624.0,0,555,93,36,10,2,15,2,1,6,7,2,2,0,3,A
46,1,1,2,42554.0,0,563,93,41,29,1,11,0,0,0,7,2,2,0,3,B
60,2,0,1,63972.0,1,604,93,1269,928,63,254,0,12,12,23,4,5,4,10,D
67,1,1,1,52852.0,1,605,93,879,714,8,99,11,0,47,26,4,10,7,5,C
52,2,1,1,62010.0,0,644,93,530,371,22,39,6,0,92,19,4,6,2,7,C
64,2,1,0,83151.0,0,657,93,747,407,28,100,120,74,18,19,1,5,9,4,D
47,1,1,3,46931.0,0,96,94,78,41,0,17,3,1,16,7,2,1,1,3,B
37,2,1,0,73395.0,0,133,94,397,272,7,80,20,7,11,15,1,4,4,6,C
72,1,0,1,62307.0,0,162,94,160,87,13,34,10,6,10,9,1,4,0,4,B
43,2,1,1,58293.0,0,191,94,422,173,43,118,46,27,15,19,5,5,3,6,C
50,1,1,1,47889.0,0,206,94,67,29,0,29,0,5,4,6,1,2,0,3,A
45,0,1,1,24594.0,0,231,94,29,1,3,6,10,0,9,5,1,1,0,3,A
45,0,1,1,24594.0,0,231,94,29,1,3,6,10,0,9,5,1,1,0,3,A
65,1,1,0,24221.0,0,343,94,55,8,9,9,2,5,22,6,1,1,1,3,A
39,1,0,1,22327.0,0,361,94,24,5,4,8,2,0,5,5,1,1,0,3,A
63,2,1,2,61923.0,0,368,94,126,92,4,18,3,3,6,8,1,2,1,4,B
59,2,0,3,35791.0,0,449,94,35,27,0,5,0,0,3,6,2,1,0,3,B
59,2,0,3,35791.0,0,449,94,35,27,0,5,0,0,3,6,2,1,0,3,B
57,1,1,2,35441.0,0,530,94,39,25,1,9,2,1,1,6,2,1,0,3,B
54,1,1,1,19656.0,0,536,94,84,25,4,9,6,8,32,9,3,2,1,3,A
37,1,1,0,7500.0,0,566,94,15,0,2,3,4,1,5,4,1,0,0,3,A
48,2,1,1,34529.0,0,683,94,162,68,6,38,3,6,41,9,2,2,2,3,A
47,2,2,2,34487.0,0,691,94,103,19,18,33,24,1,8,9,3,3,0,3,B
51,0,1,3,35688.0,0,706,94,211,73,3,90,12,1,32,16,7,4,1,4,B
51,0,1,3,35688.0,0,706,94,211,73,3,90,12,1,32,16,7,4,1,4,B
72,1,0,1,53700.0,0,711,94,694,263,5,233,69,41,83,22,4,5,5,8,C
67,1,1,1,71113.0,0,224,95,835,495,33,255,11,33,8,26,4,6,7,9,C
44,2,1,1,31535.0,1,306,95,51,15,4,13,0,0,19,5,1,1,1,2,A
42,1,1,1,40479.0,0,346,95,15,5,0,8,2,0,0,4,1,0,0,3,A
64,1,1,2,29440.0,0,352,95,56,17,8,14,10,4,3,7,2,1,0,4,B
38,1,1,1,38508.0,0,361,95,443,120,19,206,25,19,54,20,6,7,2,5,C
60,1,0,2,18701.0,0,420,95,44,12,4,2,10,6,10,10,4,2,0,4,B
60,1,0,2,18701.0,0,420,95,44,12,4,2,10,6,10,10,4,2,0,4,B
71,1,1,1,47703.0,0,426,95,655,359,0,134,13,26,123,21,4,6,3,8,C
33,1,0,0,86037.0,2,573,95,730,490,44,125,29,20,22,25,1,6,7,11,D
53,0,1,2,42033.0,0,678,95,25,11,1,4,2,0,7,4,1,1,0,2,B
60,1,2,1,51983.0,0,697,95,793,631,0,115,10,7,30,24,3,9,2,10,C
65,1,1,3,38285.0,0,35,96,10,2,0,5,2,0,1,4,1,0,0,3,B
49,1,0,1,57338.0,0,91,96,237,143,6,52,11,8,17,12,2,4,1,5,A
60,1,1,0,42523.0,0,97,96,125,14,36,11,3,26,35,7,1,1,1,4,A
60,1,1,0,42523.0,0,97,96,125,14,36,11,3,26,35,7,1,1,1,4,A
40,1,1,1,31761.0,0,115,96,98,19,1,20,16,14,28,9,2,3,0,4,A
55,1,1,1,65747.0,1,144,96,460,346,17,48,23,13,13,19,4,8,1,6,C
64,2,1,2,17144.0,0,164,96,47,18,2,19,0,2,6,12,5,3,0,4,B
64,2,1,2,17144.0,0,164,96,47,18,2,19,0,2,6,12,5,3,0,4,B
67,1,1,1,42213.0,1,290,96,363,309,3,24,4,3,20,15,2,5,1,7,B
84,2,0,0,51141.0,0,386,96,157,144,0,7,0,0,6,9,1,3,1,4,B
44,1,1,2,15072.0,0,445,96,53,8,2,15,0,10,18,11,4,3,1,3,A
38,0,1,1,7500.0,0,537,96,36,1,11,5,4,6,9,7,2,2,0,3,A
46,0,1,1,17117.0,0,558,96,128,12,23,38,30,18,7,11,4,3,1,3,A
71,2,1,1,65569.0,0,631,96,859,397,46,288,20,38,70,23,2,6,5,10,D
72,0,3,0,28457.0,0,639,96,205,24,1,108,29,29,14,10,1,4,1,4,A
71,1,1,2,48794.0,0,33,97,54,25,0,11,3,0,15,5,1,1,0,3,B
60,1,1,2,63404.0,1,53,97,902,734,26,70,11,44,17,15,2,6,3,4,C
50,0,1,1,49669.0,0,66,97,326,166,5,107,11,8,29,14,2,5,1,6,A
60,1,1,1,55761.0,1,96,97,184,136,1,12,0,3,32,10,2,4,1,3,B
51,1,1,1,37971.0,0,246,97,30,5,4,10,2,2,7,5,1,1,0,3,A
47,1,1,1,30368.0,0,264,97,52,35,0,13,2,0,2,7,2,2,0,3,A
46,2,1,1,34043.0,0,277,97,49,20,2,14,3,0,10,5,1,2,0,2,A
59,2,3,1,54111.0,0,338,97,388,267,6,54,8,3,50,15,2,5,2,6,C
43,2,1,1,39665.0,1,430,97,216,127,1,56,0,1,31,12,3,4,2,3,A
70,1,1,3,93404.0,2,448,97,1616,1279,15,287,20,0,15,17,3,3,4,7,C
40,1,1,1,38680.0,0,488,97,79,11,0,36,15,5,12,6,1,2,0,3,A
40,1,1,1,24570.0,0,517,97,193,28,34,62,11,14,44,11,3,4,0,4,A
57,2,1,1,77766.0,1,522,97,1529,1004,59,265,115,59,27,34,2,11,10,11,D
57,2,1,1,77766.0,1,522,97,1529,1004,59,265,115,59,27,34,2,11,10,11,D
56,2,2,1,23748.0,0,615,97,76,6,6,29,12,15,8,9,3,2,1,3,A
60,1,0,1,45989.0,0,645,97,322,138,33,87,28,24,12,16,4,3,2,7,C
36,0,0,1,23331.0,0,662,97,269,104,20,101,24,15,5,17,6,5,1,5,A
70,2,1,1,70421.0,0,31,98,767,479,28,136,75,14,35,23,3,10,3,7,C
61,2,0,2,23091.0,0,62,98,48,35,0,11,0,0,2,10,4,2,1,3,B
34,0,1,1,24683.0,0,143,98,41,8,4,10,6,7,6,8,2,2,0,4,A
51,2,1,1,54222.0,0,150,98,264,199,12,31,3,12,7,12,1,3,3,5,B
52,1,1,0,84906.0,3,298,98,1631,997,15,414,99,30,76,24,1,5,6,12,D
52,1,1,0,84906.0,3,298,98,1631,997,15,414,99,30,76,24,1,5,6,12,D
46,0,1,1,47025.0,0,320,98,635,508,11,59,23,5,29,23,5,11,1,6,C
58,1,1,1,44529.0,1,389,98,691,538,13,91,17,6,26,25,6,6,2,11,C
50,2,0,1,31560.0,0,400,98,94,62,1,20,4,0,7,8,2,2,1,3,A
46,1,1,1,41154.0,0,476,98,69,44,2,11,2,3,7,6,1,1,0,4,A
64,2,2,1,50611.0,1,663,98,493,459,0,24,6,0,4,22,6,4,5,7,C
64,2,2,1,50611.0,1,663,98,493,459,0,24,6,0,4,22,6,4,5,7,C
45,2,1,0,24401.0,0,697,98,467,73,28,217,10,24,115,16,3,6,1,6,C
50,1,1,1,42557.0,0,699,98,270,192,5,53,0,5,15,15,4,6,1,4,A
39,0,1,1,7500.0,0,727,98,100,5,17,17,13,14,34,10,4,2,1,3,A
58,1,1,1,44794.0,0,51,99,65,54,0,7,0,0,4,6,1,2,0,3,B
58,1,1,1,44794.0,0,51,99,65,54,0,7,0,0,4,6,1,2,0,3,B
62,1,1,1,62568.0,1,113,99,953,362,17,398,80,35,61,16,3,5,3,5,D
55,1,1,2,42231.0,0,126,99,37,24,0,8,0,1,4,5,1,1,0,3,B
50,0,1,0,20130.0,0,134,99,34,0,6,3,7,6,12,5,1,1,0,3,A
50,0,1,0,20130.0,0,134,99,34,0,6,3,7,6,12,5,1,1,0,3,A
51,1,3,1,42429.0,0,168,99,67,55,0,6,2,0,4,7,2,1,1,3,A
51,1,3,1,42429.0,0,168,99,67,55,0,6,2,0,4,7,2,1,1,3,A
51,1,2,1,78901.0,0,315,99,734,321,11,309,33,26,34,20,3,9,3,5,C
48,2,2,1,66476.0,0,509,99,689,372,18,126,47,48,78,20,2,5,2,11,C
47,0,1,1,31056.0,0,553,99,55,5,10,13,3,8,16,5,1,1,0,3,A
48,1,2,1,46310.0,0,603,99,309,185,2,88,15,5,14,14,2,6,1,5,A
